Workbook

Sheet Index
B2: Worksheets
B4: # | C4: Name | D4: Title
B5: 1 | C5: Index
B6: 2 | C6: Tabelle2 | D6: Information on data source
B7: 3 | C7: Table S4 | D7: Table S4
B8: 4 | C8: Table S5 weighted avg | D8: Table S5
B9: 5 | C9: pivot tables | D9: pivot tables
B10: 6 | C10: Table4.A FL | D10: country
B11: 7 | C11: Total HWP Domestic gains | D11: country

Sheet Tabelle2
A1: Information on data source
B4: Website: | C4: https://unfccc.int/ghg-inventories-annex-i-parties/2025
B5: Last updated: | C5: January 23, 2026
B6: Download: | C6: January 2, 2026
B7: Supplement data file to Böttcher et al.: Too many losses and too few gains: declining forest-sector Carbon Dioxide Removals in Europe's GHG accounts

Sheet Table S4
A1: Table S4
B3: Country | C3: 1990-2008 | D3: 2009-2017 | E3: 2018-2023 | G3: Country | H3: 2000 | I3: 2001 | J3: 2002 | K3: 2003 | L3: 2004 | M3: 2005 | N3: 2006 | O3: 2007 | P3: 2008 | Q3: 2009 | R3: 2010 | S3: 2011 | T3: 2012 | U3: 2013 | V3: 2014 | W3: 2015 | X3: 2016 | Y3: 2017 | Z3: 2018 | AA3: 2019 | AB3: 2020 | AC3: 2021 | AD3: 2022 | AE3: 2023
B4: Austria | C4: =AVERAGE(C88:U88) -> -0.40198961 | D4: =AVERAGE(V88:AD88) -> -0.33294289 | E4: =AVERAGE(AE88:AJ88) -> -0.27304512 | G4: Austria | H4: -0.42848631 | I4: -0.46384929 | J4: -0.42628872 | K4: -0.40179481 | L4: -0.39299493 | M4: -0.39901451 | N4: -0.36064146 | O4: -0.36834041 | P4: -0.35888133 | Q4: -0.33179841 | R4: -0.35701842 | S4: -0.34826225 | T4: -0.34106017 | U4: -0.3217864 | V4: -0.33210686 | W4: -0.3148671 | X4: -0.32369579 | Y4: -0.32589061 | Z4: -0.30908489 | AA4: -0.26794322 | AB4: -0.25673681 | AC4: -0.28522407 | AD4: -0.27536465 | AE4: -0.2439171
B5: Croatia | C5: =AVERAGE(C94:U94) -> -0.060109333 | D5: =AVERAGE(V94:AD94) -> -0.051968725 | E5: =AVERAGE(AE94:AJ94) -> -0.056771641 | G5: Croatia | H5: -0.15317281 | I5: -0.19803329 | J5: -0.21290779 | K5: -0.19441589 | L5: -0.19217722 | M5: -0.22568877 | N5: -0.22400016 | O5: -0.21348894 | P5: -0.21786981 | Q5: -0.21126833 | R5: -0.21891333 | S5: -0.19775535 | T5: -0.20144326 | U5: -0.20926011 | V5: -0.20461703 | W5: -0.21469732 | X5: -0.21193512 | Y5: -0.23251982 | Z5: -0.20208515 | AA5: -0.2062631 | AB5: -0.20137596 | AC5: -0.20147825 | AD5: -0.17035184 | AE5: -0.17343351
B6: Czechia | C6: =AVERAGE(C89:U89) -> -0.19303597 | D6: =AVERAGE(V89:AD89) -> -0.21137885 | E6: =AVERAGE(AE89:AJ89) -> -0.19249797 | G6: Czechia | H6: -0.25584333 | I6: -0.25699829 | J6: -0.25281148 | K6: -0.26727035 | L6: -0.26582883 | M6: -0.26474899 | N6: -0.27931529 | O6: -0.29432338 | P6: -0.29540942 | Q6: -0.25713937 | R6: -0.26495435 | S6: -0.25789098 | T6: -0.24544048 | U6: -0.20964492 | V6: -0.20327374 | W6: -0.21393886 | X6: -0.21383055 | Y6: -0.20737194 | Z6: -0.17090153 | AA6: -0.14749703 | AB6: -0.16041865 | AC6: -0.18004207 | AD6: -0.20249354 | AE6: -0.24071922
B7: Estonia | C7: =AVERAGE(C90:U90) -> -0.26504294 | D7: =AVERAGE(V90:AD90) -> -0.23038724 | E7: =AVERAGE(AE90:AJ90) -> -0.18367867 | G7: Estonia | H7: -0.21040994 | I7: -0.1874057 | J7: -0.155837 | K7: -0.18598812 | L7: -0.17089121 | M7: -0.18765424 | N7: -0.23413498 | O7: -0.25143831 | P7: -0.27715407 | Q7: -0.28242188 | R7: -0.2657019 | S7: -0.18839344 | T7: -0.15959903 | U7: -0.15318425 | V7: -0.16466053 | W7: -0.1781116 | X7: -0.18274586 | Y7: -0.18222607 | Z7: -0.16724604 | AA7: -0.16279948 | AB7: -0.1913531 | AC7: -0.19885431 | AD7: -0.1879407 | AE7: -0.14891736
B8: Finland | C8: =AVERAGE(C91:U91) -> -0.29265023 | D8: =AVERAGE(V91:AD91) -> -0.19522717 | E8: =AVERAGE(AE91:AJ91) -> -0.17618516 | G8: Finland | H8: -0.28213771 | I8: -0.26602531 | J8: -0.2662766 | K8: -0.2698364 | L8: -0.27546345 | M8: -0.24605729 | N8: -0.28362249 | O8: -0.26790894 | P8: -0.24678586 | Q8: -0.24287606 | R8: -0.23939159 | S8: -0.23768505 | T8: -0.23537228 | U8: -0.22297922 | V8: -0.23015772 | W8: -0.22171327 | X8: -0.225904 | Y8: -0.23049562 | Z8: -0.22033215 | AA8: -0.227323 | AB8: -0.21837898 | AC8: -0.2183381 | AD8: -0.21916066 | AE8: -0.21072234
B9: France | C9: =AVERAGE(C92:U92) -> -0.27375697 | D9: =AVERAGE(V92:AD92) -> -0.23184165 | E9: =AVERAGE(AE92:AJ92) -> -0.21904254 | G9: France | H9: -0.16243879 | I9: -0.17814787 | J9: -0.18278269 | K9: -0.1885744 | L9: -0.19473503 | M9: -0.20258076 | N9: -0.20591127 | O9: -0.21129796 | P9: -0.20228418 | Q9: -0.13415341 | R9: -0.180872 | S9: -0.18982023 | T9: -0.1903684 | U9: -0.18590266 | V9: -0.17330506 | W9: -0.16216436 | X9: -0.14810337 | Y9: -0.13704203 | Z9: -0.12783914 | AA9: -0.11899991 | AB9: -0.10641009 | AC9: -0.12180073 | AD9: -0.11978216 | AE9: -0.11527636
B10: Italy | C10: =AVERAGE(C95:U95) -> -0.11589879 | D10: =AVERAGE(V95:AD95) -> -0.12207347 | E10: =AVERAGE(AE95:AJ95) -> -0.13616408 | G10: Italy | H10: -0.056774066 | I10: -0.057480432 | J10: -0.063348792 | K10: -0.057259991 | L10: -0.065075361 | M10: -0.064612811 | N10: -0.068919833 | O10: -0.052937164 | P10: -0.066253904 | Q10: -0.060353542 | R10: -0.059726078 | S10: -0.049857346 | T10: -0.043451878 | U10: -0.05057141 | V10: -0.052703806 | W10: -0.055168152 | X10: -0.055436515 | Y10: -0.0404498 | Z10: -0.048899856 | AA10: -0.076889035 | AB10: -0.055565956 | AC10: -0.049209957 | AD10: -0.049887639 | AE10: -0.060177404
B11: Latvia | C11: =AVERAGE(C96:U96) -> -0.18985263 | D11: =AVERAGE(V96:AD96) -> -0.18434049 | E11: =AVERAGE(AE96:AJ96) -> -0.18583309 | G11: Latvia | H11: -0.14698418 | I11: -0.14931929 | J11: -0.14485922 | K11: -0.14199615 | L11: -0.14573416 | M11: -0.14500725 | N11: -0.16497768 | O11: -0.12306187 | P11: -0.12006305 | Q11: -0.10102362 | R11: -0.10914481 | S11: -0.12297282 | T11: -0.1263825 | U11: -0.12634978 | V11: -0.11784678 | W11: -0.1228724 | X11: -0.12925969 | Y11: -0.14280887 | Z11: -0.1364244 | AA11: -0.14323737 | AB11: -0.13294326 | AC11: -0.14922966 | AD11: -0.12308318 | AE11: -0.1320666
B12: Portugal | C12: =AVERAGE(C97:U97) -> -0.19949737 | D12: =AVERAGE(V97:AD97) -> -0.36273743 | E12: =AVERAGE(AE97:AJ97) -> -0.33267095 | G12: Portugal | H12: -0.17268361 | I12: -0.18703201 | J12: -0.19641352 | K12: -0.1997158 | L12: -0.18687454 | M12: -0.19166012 | N12: -0.18020794 | O12: -0.17364578 | P12: -0.19222071 | Q12: -0.20557202 | R12: -0.18794903 | S12: -0.1784279 | T12: -0.19055776 | U12: -0.16820293 | V12: -0.17457843 | W12: -0.18822754 | X12: -0.18695379 | Y12: -0.17859499 | Z12: -0.19011143 | AA12: -0.18859635 | AB12: -0.18476685 | AC12: -0.18808134 | AD12: -0.18307853 | AE12: -0.18036405
B13: Romania | C13: =AVERAGE(C98:U98) -> -0.20192784 | D13: =AVERAGE(V98:AD98) -> -0.19326468 | E13: =AVERAGE(AE98:AJ98) -> -0.18076941 | G13: Romania | H13: -0.20508698 | I13: -0.20819162 | J13: -0.21648078 | K13: -0.25178045 | L13: -0.26554407 | M13: -0.26020037 | N13: -0.24087206 | O13: -0.26687524 | P13: -0.27484777 | Q13: -0.26145745 | R13: -0.31125793 | S13: -0.30317951 | T13: -0.37175377 | U13: -0.39334429 | V13: -0.40347341 | W13: -0.40083703 | X13: -0.42080045 | Y13: -0.39853298 | Z13: -0.35108077 | AA13: -0.37012941 | AB13: -0.35690034 | AC13: -0.34223259 | AD13: -0.28435974 | AE13: -0.29132285
B14: Slovakia | C14: =AVERAGE(C99:U99) -> -1.0880995 | D14: =AVERAGE(V99:AD99) -> -0.55004863 | E14: =AVERAGE(AE99:AJ99) -> -2.6785216 | G14: Slovakia | H14: -0.2388584 | I14: -0.18250128 | J14: -0.21342212 | K14: -0.22085963 | L14: -0.23313141 | M14: -0.22508238 | N14: -0.26948108 | O14: -0.27847876 | P14: -0.25167844 | Q14: -0.22906633 | R14: -0.20545563 | S14: -0.19329271 | T14: -0.17804958 | U14: -0.18011988 | V14: -0.16948863 | W14: -0.18857778 | X14: -0.19603568 | Y14: -0.19929589 | Z14: -0.18015432 | AA14: -0.17634272 | AB14: -0.18065141 | AC14: -0.18740075 | AD14: -0.16829949 | AE14: -0.1917678
B15: Slovenia | C15: =AVERAGE(C100:U100) -> -0.14293591 | D15: =AVERAGE(V100:AD100) -> -0.12270673 | E15: =AVERAGE(AE100:AJ100) -> -0.11504124 | G15: Slovenia | H15: -0.73674165 | I15: -0.68218644 | J15: -0.65771706 | K15: -0.69277557 | L15: -0.73213178 | M15: -0.76097626 | N15: -0.79670231 | O15: -0.87666234 | P15: -0.80506857 | Q15: -0.76633772 | R15: -0.72238946 | S15: -0.72829089 | T15: -0.77973933 | U15: -0.80833252 | V15: -0.27582519 | W15: -0.29009548 | X15: -0.28883709 | Y15: -0.29058999 | Z15: -0.31262112 | AA15: -1.9453522 | AB15: -2.1099514 | AC15: -2.8738317 | AD15: -4.4709418 | AE15: -4.3584314
B16: UK | C16: =AVERAGE(C93:U93) -> -0.17255954 | D16: =AVERAGE(V93:AD93) -> -0.16685906 | E16: =AVERAGE(AE93:AJ93) -> -0.1183514 | G16: UK | H16: -0.15259054 | I16: -0.14923156 | J16: -0.14782481 | K16: -0.15054542 | L16: -0.14595938 | M16: -0.14258456 | N16: -0.13427819 | O16: -0.1332626 | P16: -0.12555852 | Q16: -0.12095163 | R16: -0.12235222 | S16: -0.12449612 | T16: -0.13020303 | U16: -0.1240825 | V16: -0.1214911 | W16: -0.12283159 | X16: -0.12086217 | Y16: -0.11709026 | Z16: -0.11529379 | AA16: -0.11279238 | AB16: -0.11198375 | AC16: -0.11824637 | AD16: -0.11592954 | AE16: -0.11600158
C21: wrongunit <- c("TUR","BEL","ESP","FRA","GRC","PRT","NOR","SVK","SWE”)
B22: HWP in use from domestic harvest (t C/ha)
B23: Country | C23: 1990 | D23: 1991 | E23: 1992 | F23: 1993 | G23: 1994 | H23: 1995 | I23: 1996 | J23: 1997 | K23: 1998 | L23: 1999 | M23: 2000 | N23: 2001 | O23: 2002 | P23: 2003 | Q23: 2004 | R23: 2005 | S23: 2006 | T23: 2007 | U23: 2008 | V23: 2009 | W23: 2010 | X23: 2011 | Y23: 2012 | Z23: 2013 | AA23: 2014 | AB23: 2015 | AC23: 2016 | AD23: 2017 | AE23: 2018 | AF23: 2019 | AG23: 2020 | AH23: 2021 | AI23: 2022 | AJ23: 2023
B24: AUT | C24: ='pivot tables'!D40/'pivot tables'!D7 -> 0.62546485 | D24: ='pivot tables'!E40/'pivot tables'!E7 -> 0.56221325 | E24: ='pivot tables'!F40/'pivot tables'!F7 -> 0.54870555 | F24: ='pivot tables'!G40/'pivot tables'!G7 -> 0.54027308 | G24: ='pivot tables'!H40/'pivot tables'!H7 -> 0.6121141 | H24: ='pivot tables'!I40/'pivot tables'!I7 -> 0.61904805 | I24: ='pivot tables'!J40/'pivot tables'!J7 -> 0.65489671 | J24: ='pivot tables'!K40/'pivot tables'!K7 -> 0.64302804 | ... AJ24: ='pivot tables'!AK40/'pivot tables'!AK7 -> 0.60614889
B25: BEL | C25: ='pivot tables'!D41/'pivot tables'!D8/1000 -> 0.99867325 | D25: ='pivot tables'!E41/'pivot tables'!E8/1000 -> 0.85762474 | E25: ='pivot tables'!F41/'pivot tables'!F8/1000 -> 0.80989973 | F25: ='pivot tables'!G41/'pivot tables'!G8/1000 -> 0.8325455 | G25: ='pivot tables'!H41/'pivot tables'!H8/1000 -> 0.75346373 | H25: ='pivot tables'!I41/'pivot tables'!I8/1000 -> 0.85897321 | I25: ='pivot tables'!J41/'pivot tables'!J8/1000 -> 0.95518284 | J25: ='pivot tables'!K41/'pivot tables'!K8/1000 -> 0.79228689 | ... AJ25: ='pivot tables'!AK41/'pivot tables'!AK8/1000 -> 0.43340094
B26: BGR | C26: ='pivot tables'!D42/'pivot tables'!D9 -> 0.11862676 | D26: ='pivot tables'!E42/'pivot tables'!E9 -> 0.10936029 | E26: ='pivot tables'!F42/'pivot tables'!F9 -> 0.054903366 | F26: ='pivot tables'!G42/'pivot tables'!G9 -> 0.047017161 | G26: ='pivot tables'!H42/'pivot tables'!H9 -> 0.048233211 | H26: ='pivot tables'!I42/'pivot tables'!I9 -> 0.050124449 | I26: ='pivot tables'!J42/'pivot tables'!J9 -> 0.057500469 | J26: ='pivot tables'!K42/'pivot tables'!K9 -> 0.062258251 | ... AJ26: ='pivot tables'!AK42/'pivot tables'!AK9 -> 0.2318171
B27: CHE | C27: ='pivot tables'!D43/'pivot tables'!D10 -> 0 | D27: ='pivot tables'!E43/'pivot tables'!E10 -> 0 | E27: ='pivot tables'!F43/'pivot tables'!F10 -> 0 | F27: ='pivot tables'!G43/'pivot tables'!G10 -> 0 | G27: ='pivot tables'!H43/'pivot tables'!H10 -> 0 | H27: ='pivot tables'!I43/'pivot tables'!I10 -> 0 | I27: ='pivot tables'!J43/'pivot tables'!J10 -> 0 | J27: ='pivot tables'!K43/'pivot tables'!K10 -> 0 | ... AJ27: ='pivot tables'!AK43/'pivot tables'!AK10 -> 0
B28: CZE | C28: ='pivot tables'!D44/'pivot tables'!D11 -> 0.56004076 | D28: ='pivot tables'!E44/'pivot tables'!E11 -> 0.4204952 | E28: ='pivot tables'!F44/'pivot tables'!F11 -> 0.29812009 | F28: ='pivot tables'!G44/'pivot tables'!G11 -> 0.39753701 | G28: ='pivot tables'!H44/'pivot tables'!H11 -> 0.40810898 | H28: ='pivot tables'!I44/'pivot tables'!I11 -> 0.44862447 | I28: ='pivot tables'!J44/'pivot tables'!J11 -> 0.44128513 | J28: ='pivot tables'!K44/'pivot tables'!K11 -> 0.44803292 | ... AJ28: ='pivot tables'!AK44/'pivot tables'!AK11 -> 0.56162888
B29: DEU | C29: ='pivot tables'!D45/'pivot tables'!D12 -> 0.66656768 | D29: ='pivot tables'!E45/'pivot tables'!E12 -> 0.6233069 | E29: ='pivot tables'!F45/'pivot tables'!F12 -> 0.64122794 | F29: ='pivot tables'!G45/'pivot tables'!G12 -> 0.62329298 | G29: ='pivot tables'!H45/'pivot tables'!H12 -> 0.7161264 | H29: ='pivot tables'!I45/'pivot tables'!I12 -> 0.72715542 | I29: ='pivot tables'!J45/'pivot tables'!J12 -> 0.75360312 | J29: ='pivot tables'!K45/'pivot tables'!K12 -> 0.7714152 | ... AJ29: ='pivot tables'!AK45/'pivot tables'!AK12 -> 1.136886
B30: DNK | C30: ='pivot tables'!D46/'pivot tables'!D13 -> 0.26539215 | D30: ='pivot tables'!E46/'pivot tables'!E13 -> 0.19882341 | E30: ='pivot tables'!F46/'pivot tables'!F13 -> 0.291295 | F30: ='pivot tables'!G46/'pivot tables'!G13 -> 0.41921691 | G30: ='pivot tables'!H46/'pivot tables'!H13 -> 0.38562914 | H30: ='pivot tables'!I46/'pivot tables'!I13 -> 0.38104028 | I30: ='pivot tables'!J46/'pivot tables'!J13 -> 0.399963 | J30: ='pivot tables'!K46/'pivot tables'!K13 -> 0.35316751 | ... AJ30: ='pivot tables'!AK46/'pivot tables'!AK13 -> 0.27097196
B31: ESP | C31: ='pivot tables'!D47/'pivot tables'!D14/1000 -> 0.13912132 | D31: ='pivot tables'!E47/'pivot tables'!E14/1000 -> 0.14087486 | E31: ='pivot tables'!F47/'pivot tables'!F14/1000 -> 0.11819101 | F31: ='pivot tables'!G47/'pivot tables'!G14/1000 -> 0.12803305 | G31: ='pivot tables'!H47/'pivot tables'!H14/1000 -> 0.13081747 | H31: ='pivot tables'!I47/'pivot tables'!I14/1000 -> 0.13700703 | I31: ='pivot tables'!J47/'pivot tables'!J14/1000 -> 0.13479488 | J31: ='pivot tables'!K47/'pivot tables'!K14/1000 -> 0.13013888 | ... AJ31: ='pivot tables'!AK47/'pivot tables'!AK14/1000 -> 0.15345212
B32: EST | C32: ='pivot tables'!D48/'pivot tables'!D15 -> 0.077745224 | D32: ='pivot tables'!E48/'pivot tables'!E15 -> 0.062505164 | E32: ='pivot tables'!F48/'pivot tables'!F15 -> 0.047280095 | F32: ='pivot tables'!G48/'pivot tables'!G15 -> 0.052449507 | G32: ='pivot tables'!H48/'pivot tables'!H15 -> 0.056911468 | H32: ='pivot tables'!I48/'pivot tables'!I15 -> 0.062201416 | I32: ='pivot tables'!J48/'pivot tables'!J15 -> 0.076015695 | J32: ='pivot tables'!K48/'pivot tables'!K15 -> 0.10637121 | ... AJ32: ='pivot tables'!AK48/'pivot tables'!AK15 -> 0.18956624
B33: FIN | C33: ='pivot tables'!D49/'pivot tables'!D16 -> 0.24216383 | D33: ='pivot tables'!E49/'pivot tables'!E16 -> 0.2208558 | E33: ='pivot tables'!F49/'pivot tables'!F16 -> 0.22582993 | F33: ='pivot tables'!G49/'pivot tables'!G16 -> 0.2570571 | G33: ='pivot tables'!H49/'pivot tables'!H16 -> 0.2818584 | H33: ='pivot tables'!I49/'pivot tables'!I16 -> 0.2809525 | I33: ='pivot tables'!J49/'pivot tables'!J16 -> 0.27507579 | J33: ='pivot tables'!K49/'pivot tables'!K16 -> 0.31414667 | ... AJ33: ='pivot tables'!AK49/'pivot tables'!AK16 -> 0.29118548
B34: FRA | C34: ='pivot tables'!D50/'pivot tables'!D17/1000 -> 0.1907879 | D34: ='pivot tables'!E50/'pivot tables'!E17/1000 -> 0.18879127 | E34: ='pivot tables'!F50/'pivot tables'!F17/1000 -> 0.16678457 | F34: ='pivot tables'!G50/'pivot tables'!G17/1000 -> 0.15267231 | G34: ='pivot tables'!H50/'pivot tables'!H17/1000 -> 0.163775 | H34: ='pivot tables'!I50/'pivot tables'!I17/1000 -> 0.16919137 | I34: ='pivot tables'!J50/'pivot tables'!J17/1000 -> 0.1630921 | J34: ='pivot tables'!K50/'pivot tables'!K17/1000 -> 0.17073714 | ... AJ34: ='pivot tables'!AK50/'pivot tables'!AK17/1000 -> 0.14392134
B35: GBR | C35: ='pivot tables'!D51/'pivot tables'!D18 -> 0.37780744 | D35: ='pivot tables'!E51/'pivot tables'!E18 -> 0.36844374 | E35: ='pivot tables'!F51/'pivot tables'!F18 -> 0.37513542 | F35: ='pivot tables'!G51/'pivot tables'!G18 -> 0.3806573 | G35: ='pivot tables'!H51/'pivot tables'!H18 -> 0.40407495 | H35: ='pivot tables'!I51/'pivot tables'!I18 -> 0.41333268 | I35: ='pivot tables'!J51/'pivot tables'!J18 -> 0.41082592 | J35: ='pivot tables'!K51/'pivot tables'!K18 -> 0.42702486 | ... AJ35: ='pivot tables'!AK51/'pivot tables'!AK18 -> 0.44758733
B36: GRC | C36: ='pivot tables'!D52/'pivot tables'!D19/1000 -> 0.052242278 | D36: ='pivot tables'!E52/'pivot tables'!E19/1000 -> 0.052765044 | E36: ='pivot tables'!F52/'pivot tables'!F19/1000 -> 0.0451243 | F36: ='pivot tables'!G52/'pivot tables'!G19/1000 -> 0.065372925 | G36: ='pivot tables'!H52/'pivot tables'!H19/1000 -> 0.067264901 | H36: ='pivot tables'!I52/'pivot tables'!I19/1000 -> 0.06441527 | I36: ='pivot tables'!J52/'pivot tables'!J19/1000 -> 0.067676947 | J36: ='pivot tables'!K52/'pivot tables'!K19/1000 -> 0.02064105 | ... AJ36: ='pivot tables'!AK52/'pivot tables'!AK19/1000 -> 0.029202793
B37: HRV | C37: ='pivot tables'!D53/'pivot tables'!D20 -> 0.17945077 | D37: ='pivot tables'!E53/'pivot tables'!E20 -> 0.11638108 | E37: ='pivot tables'!F53/'pivot tables'!F20 -> 0.095535969 | F37: ='pivot tables'!G53/'pivot tables'!G20 -> 0.10526337 | G37: ='pivot tables'!H53/'pivot tables'!H20 -> 0.11342211 | H37: ='pivot tables'!I53/'pivot tables'!I20 -> 0.11517835 | I37: ='pivot tables'!J53/'pivot tables'!J20 -> 0.11128619 | J37: ='pivot tables'!K53/'pivot tables'!K20 -> 0.093673176 | ... AJ37: ='pivot tables'!AK53/'pivot tables'!AK20 -> 0.18235056
B38: IRL | C38: ='pivot tables'!D54/'pivot tables'!D21 -> 0.31182273 | D38: ='pivot tables'!E54/'pivot tables'!E21 -> 0.30296351 | E38: ='pivot tables'!F54/'pivot tables'!F21 -> 0.37843405 | F38: ='pivot tables'!G54/'pivot tables'!G21 -> 0.38665006 | G38: ='pivot tables'!H54/'pivot tables'!H21 -> 0.40893667 | H38: ='pivot tables'!I54/'pivot tables'!I21 -> 0.4153269 | I38: ='pivot tables'!J54/'pivot tables'!J21 -> 0.45889933 | J38: ='pivot tables'!K54/'pivot tables'!K21 -> 0.46069299 | ... AJ38: ='pivot tables'!AK54/'pivot tables'!AK21 -> 0.58406754
B39: ITA | C39: ='pivot tables'!D55/'pivot tables'!D22 -> 0.10599684 | D39: ='pivot tables'!E55/'pivot tables'!E22 -> 0.092892883 | E39: ='pivot tables'!F55/'pivot tables'!F22 -> 0.079044531 | F39: ='pivot tables'!G55/'pivot tables'!G22 -> 0.088749458 | G39: ='pivot tables'!H55/'pivot tables'!H22 -> 0.076982105 | H39: ='pivot tables'!I55/'pivot tables'!I22 -> 0.10512944 | I39: ='pivot tables'!J55/'pivot tables'!J22 -> 0.1081926 | J39: ='pivot tables'!K55/'pivot tables'!K22 -> 0.1046337 | ... AJ39: ='pivot tables'!AK55/'pivot tables'!AK22 -> 0.074283239
B40: LTU | C40: ='pivot tables'!D56/'pivot tables'!D23 -> 0.14123545 | D40: ='pivot tables'!E56/'pivot tables'!E23 -> 0.14347627 | E40: ='pivot tables'!F56/'pivot tables'!F23 -> 0.061679344 | F40: ='pivot tables'!G56/'pivot tables'!G23 -> 0.11573529 | G40: ='pivot tables'!H56/'pivot tables'!H23 -> 0.17785606 | H40: ='pivot tables'!I56/'pivot tables'!I23 -> 0.20198753 | I40: ='pivot tables'!J56/'pivot tables'!J23 -> 0.2452114 | J40: ='pivot tables'!K56/'pivot tables'!K23 -> 0.21565568 | ... AJ40: ='pivot tables'!AK56/'pivot tables'!AK23 -> 0.39348549
B41: LVA | C41: ='pivot tables'!D57/'pivot tables'!D24 -> 0.099352586 | D41: ='pivot tables'!E57/'pivot tables'!E24 -> 0.099308922 | E41: ='pivot tables'!F57/'pivot tables'!F24 -> 0.081138766 | F41: ='pivot tables'!G57/'pivot tables'!G24 -> 0.051553116 | G41: ='pivot tables'!H57/'pivot tables'!H24 -> 0.09311633 | H41: ='pivot tables'!I57/'pivot tables'!I24 -> 0.12559863 | I41: ='pivot tables'!J57/'pivot tables'!J24 -> 0.14406771 | J41: ='pivot tables'!K57/'pivot tables'!K24 -> 0.22064805 | ... AJ41: ='pivot tables'!AK57/'pivot tables'!AK24 -> 0.37006372
B42: NOR | C42: ='pivot tables'!D58/'pivot tables'!D25 -> 0.11728106 | D42: ='pivot tables'!E58/'pivot tables'!E25 -> 0.11148973 | E42: ='pivot tables'!F58/'pivot tables'!F25 -> 0.10988313 | F42: ='pivot tables'!G58/'pivot tables'!G25 -> 0.11644348 | G42: ='pivot tables'!H58/'pivot tables'!H25 -> 0.12587445 | H42: ='pivot tables'!I58/'pivot tables'!I25 -> 0.12541039 | I42: ='pivot tables'!J58/'pivot tables'!J25 -> 0.12380879 | J42: ='pivot tables'!K58/'pivot tables'!K25 -> 0.12648372 | ... AJ42: ='pivot tables'!AK58/'pivot tables'!AK25 -> 0.087884691
B43: POL | C43: ='pivot tables'!D59/'pivot tables'!D26 -> 0.059674942 | D43: ='pivot tables'!E59/'pivot tables'!E26 -> 0.054915322 | E43: ='pivot tables'!F59/'pivot tables'!F26 -> 0.065676629 | F43: ='pivot tables'!G59/'pivot tables'!G26 -> 0.074892466 | G43: ='pivot tables'!H59/'pivot tables'!H26 -> 0.087222277 | H43: ='pivot tables'!I59/'pivot tables'!I26 -> 0.078647758 | I43: ='pivot tables'!J59/'pivot tables'!J26 -> 0.076993115 | J43: ='pivot tables'!K59/'pivot tables'!K26 -> 0.088076443 | ... AJ43: ='pivot tables'!AK59/'pivot tables'!AK26 -> 0.25722763
B44: PRT | C44: ='pivot tables'!D60/'pivot tables'!D27/1000 -> 0.29694997 | D44: ='pivot tables'!E60/'pivot tables'!E27/1000 -> 0.29493008 | E44: ='pivot tables'!F60/'pivot tables'!F27/1000 -> 0.27492016 | F44: ='pivot tables'!G60/'pivot tables'!G27/1000 -> 0.26714843 | G44: ='pivot tables'!H60/'pivot tables'!H27/1000 -> 0.26556535 | H44: ='pivot tables'!I60/'pivot tables'!I27/1000 -> 0.2568017 | I44: ='pivot tables'!J60/'pivot tables'!J27/1000 -> 0.26867156 | J44: ='pivot tables'!K60/'pivot tables'!K27/1000 -> 0.25352546 | ... AJ44: ='pivot tables'!AK60/'pivot tables'!AK27/1000 -> 0.2906882
B45: ROU | C45: ='pivot tables'!D61/'pivot tables'!D28 -> 0.17285857 | D45: ='pivot tables'!E61/'pivot tables'!E28 -> 0.1315059 | E45: ='pivot tables'!F61/'pivot tables'!F28 -> 0.14233553 | F45: ='pivot tables'!G61/'pivot tables'!G28 -> 0.1437966 | G45: ='pivot tables'!H61/'pivot tables'!H28 -> 0.094944696 | H45: ='pivot tables'!I61/'pivot tables'!I28 -> 0.10192219 | I45: ='pivot tables'!J61/'pivot tables'!J28 -> 0.096873794 | J45: ='pivot tables'!K61/'pivot tables'!K28 -> 0.10081971 | ... AJ45: ='pivot tables'!AK61/'pivot tables'!AK28 -> 0.25712437
B46: SVK | C46: ='pivot tables'!D62/'pivot tables'!D29/1000 -> 0.22391973 | D46: ='pivot tables'!E62/'pivot tables'!E29/1000 -> 0.16876639 | E46: ='pivot tables'!F62/'pivot tables'!F29/1000 -> 0.12030054 | F46: ='pivot tables'!G62/'pivot tables'!G29/1000 -> 0.15312926 | G46: ='pivot tables'!H62/'pivot tables'!H29/1000 -> 0.17364564 | H46: ='pivot tables'!I62/'pivot tables'!I29/1000 -> 0.16967004 | I46: ='pivot tables'!J62/'pivot tables'!J29/1000 -> 0.1861753 | J46: ='pivot tables'!K62/'pivot tables'!K29/1000 -> 0.21516647 | ... AJ46: ='pivot tables'!AK62/'pivot tables'!AK29/1000 -> 0.31048477
B47: SVN | C47: ='pivot tables'!D63/'pivot tables'!D30 -> 0.21024734 | D47: ='pivot tables'!E63/'pivot tables'!E30 -> 0.17562517 | E47: ='pivot tables'!F63/'pivot tables'!F30 -> 0.15885766 | F47: ='pivot tables'!G63/'pivot tables'!G30 -> 0.1444709 | G47: ='pivot tables'!H63/'pivot tables'!H30 -> 0.15415101 | H47: ='pivot tables'!I63/'pivot tables'!I30 -> 0.15484189 | I47: ='pivot tables'!J63/'pivot tables'!J30 -> 0.1697487 | J47: ='pivot tables'!K63/'pivot tables'!K30 -> 0.15181575 | ... AJ47: ='pivot tables'!AK63/'pivot tables'!AK30 -> 0.2222307
B48: SWE | C48: ='pivot tables'!D64/'pivot tables'!D31/1000 -> 0.32514168 | D48: ='pivot tables'!E64/'pivot tables'!E31/1000 -> 0.32352006 | E48: ='pivot tables'!F64/'pivot tables'!F31/1000 -> 0.32092119 | F48: ='pivot tables'!G64/'pivot tables'!G31/1000 -> 0.34112579 | G48: ='pivot tables'!H64/'pivot tables'!H31/1000 -> 0.35066489 | H48: ='pivot tables'!I64/'pivot tables'!I31/1000 -> 0.36065883 | I48: ='pivot tables'!J64/'pivot tables'!J31/1000 -> 0.35942955 | J48: ='pivot tables'!K64/'pivot tables'!K31/1000 -> 0.38342383 | ... AJ48: ='pivot tables'!AK64/'pivot tables'!AK31/1000 -> 0.63264518
B55: LivingBMLosses(tC/ha)
B56: Country | C56: 1990 | D56: 1991 | E56: 1992 | F56: 1993 | G56: 1994 | H56: 1995 | I56: 1996 | J56: 1997 | K56: 1998 | L56: 1999 | M56: 2000 | N56: 2001 | O56: 2002 | P56: 2003 | Q56: 2004 | R56: 2005 | S56: 2006 | T56: 2007 | U56: 2008 | V56: 2009 | W56: 2010 | X56: 2011 | Y56: 2012 | Z56: 2013 | AA56: 2014 | AB56: 2015 | AC56: 2016 | AD56: 2017 | AE56: 2018 | AF56: 2019 | AG56: 2020 | AH56: 2021 | AI56: 2022 | AJ56: 2023
B57: AUT | C57: ='pivot tables'!D106/'pivot tables'!D7 -> -1.7922731 | D57: ='pivot tables'!E106/'pivot tables'!E7 -> -1.3099534 | E57: ='pivot tables'!F106/'pivot tables'!F7 -> -1.3968798 | F57: ='pivot tables'!G106/'pivot tables'!G7 -> -1.3895769 | G57: ='pivot tables'!H106/'pivot tables'!H7 -> -1.6189167 | H57: ='pivot tables'!I106/'pivot tables'!I7 -> -1.4580083 | I57: ='pivot tables'!J106/'pivot tables'!J7 -> -1.5754655 | J57: ='pivot tables'!K106/'pivot tables'!K7 -> -1.5458976 | ... AJ57: ='pivot tables'!AK106/'pivot tables'!AK7 -> -2.4850611
B58: BEL | C58: ='pivot tables'!D107/'pivot tables'!D8 -> -0.0019923701 | D58: ='pivot tables'!E107/'pivot tables'!E8 -> -0.0019931996 | E58: ='pivot tables'!F107/'pivot tables'!F8 -> -0.0019945874 | F58: ='pivot tables'!G107/'pivot tables'!G8 -> -0.0019951227 | G58: ='pivot tables'!H107/'pivot tables'!H8 -> -0.0019953536 | H58: ='pivot tables'!I107/'pivot tables'!I8 -> -0.0019953289 | I58: ='pivot tables'!J107/'pivot tables'!J8 -> -0.0019953158 | J58: ='pivot tables'!K107/'pivot tables'!K8 -> -0.0019958553 | ... AJ58: ='pivot tables'!AK107/'pivot tables'!AK8 -> -0.0079703832
B59: BGR | C59: ='pivot tables'!D108/'pivot tables'!D9 -> -0.0067295732 | D59: ='pivot tables'!E108/'pivot tables'!E9 -> -0.0068954071 | E59: ='pivot tables'!F108/'pivot tables'!F9 -> -0.00705605 | F59: ='pivot tables'!G108/'pivot tables'!G9 -> -0.0066142764 | G59: ='pivot tables'!H108/'pivot tables'!H9 -> -0.0066274644 | H59: ='pivot tables'!I108/'pivot tables'!I9 -> -0.0064225161 | I59: ='pivot tables'!J108/'pivot tables'!J9 -> -0.0063987579 | J59: ='pivot tables'!K108/'pivot tables'!K9 -> -0.0063547161 | ... AJ59: ='pivot tables'!AK108/'pivot tables'!AK9 -> -0.01943685
B60: CHE | C60: ='pivot tables'!D109/'pivot tables'!D10 -> -2.5217383 | D60: ='pivot tables'!E109/'pivot tables'!E10 -> -1.9588196 | E60: ='pivot tables'!F109/'pivot tables'!F10 -> -1.9445646 | F60: ='pivot tables'!G109/'pivot tables'!G10 -> -1.9082518 | G60: ='pivot tables'!H109/'pivot tables'!H10 -> -1.9917938 | H60: ='pivot tables'!I109/'pivot tables'!I10 -> -2.0217374 | I60: ='pivot tables'!J109/'pivot tables'!J10 -> -2.0346716 | J60: ='pivot tables'!K109/'pivot tables'!K10 -> -2.1667945 | ... AJ60: ='pivot tables'!AK109/'pivot tables'!AK10 -> -2.5493867
B61: CZE | C61: ='pivot tables'!D110/'pivot tables'!D11 -> -1.7966858 | D61: ='pivot tables'!E110/'pivot tables'!E11 -> -1.4623637 | E61: ='pivot tables'!F110/'pivot tables'!F11 -> -1.3608743 | F61: ='pivot tables'!G110/'pivot tables'!G11 -> -1.3636478 | G61: ='pivot tables'!H110/'pivot tables'!H11 -> -1.5849969 | H61: ='pivot tables'!I110/'pivot tables'!I11 -> -1.6692405 | I61: ='pivot tables'!J110/'pivot tables'!J11 -> -1.6942196 | J61: ='pivot tables'!K110/'pivot tables'!K11 -> -1.8431343 | ... AJ61: ='pivot tables'!AK110/'pivot tables'!AK11 -> -2.3331286
B62: DEU | C62: ='pivot tables'!D111/'pivot tables'!D12 -> -0.027627629 | D62: ='pivot tables'!E111/'pivot tables'!E12 -> -0.027232988 | E62: ='pivot tables'!F111/'pivot tables'!F12 -> -0.027353505 | F62: ='pivot tables'!G111/'pivot tables'!G12 -> -0.027678426 | G62: ='pivot tables'!H111/'pivot tables'!H12 -> -0.027471552 | H62: ='pivot tables'!I111/'pivot tables'!I12 -> -0.027717922 | I62: ='pivot tables'!J111/'pivot tables'!J12 -> -0.027636599 | J62: ='pivot tables'!K111/'pivot tables'!K12 -> -0.027627842 | ... AJ62: ='pivot tables'!AK111/'pivot tables'!AK12 -> -0.66469133
B63: DNK | C63: ='pivot tables'!D112/'pivot tables'!D13 -> -0.055075459 | D63: ='pivot tables'!E112/'pivot tables'!E13 -> -0.032397663 | E63: ='pivot tables'!F112/'pivot tables'!F13 -> -0.032122403 | F63: ='pivot tables'!G112/'pivot tables'!G13 -> -0.031851571 | G63: ='pivot tables'!H112/'pivot tables'!H13 -> -0.03073584 | H63: ='pivot tables'!I112/'pivot tables'!I13 -> -0.028630576 | I63: ='pivot tables'!J112/'pivot tables'!J13 -> -0.028405684 | J63: ='pivot tables'!K112/'pivot tables'!K13 -> -0.028184298 | ... AJ63: ='pivot tables'!AK112/'pivot tables'!AK13 -> -0.072552399
B64: ESP | C64: ='pivot tables'!D113/'pivot tables'!D14 -> 0 | D64: ='pivot tables'!E113/'pivot tables'!E14 -> 0 | E64: ='pivot tables'!F113/'pivot tables'!F14 -> 0 | F64: ='pivot tables'!G113/'pivot tables'!G14 -> 0 | G64: ='pivot tables'!H113/'pivot tables'!H14 -> 0 | H64: ='pivot tables'!I113/'pivot tables'!I14 -> 0 | I64: ='pivot tables'!J113/'pivot tables'!J14 -> 0 | J64: ='pivot tables'!K113/'pivot tables'!K14 -> 0 | ... AJ64: ='pivot tables'!AK113/'pivot tables'!AK14 -> 0
B65: EST | C65: ='pivot tables'!D114/'pivot tables'!D15 -> -0.081362895 | D65: ='pivot tables'!E114/'pivot tables'!E15 -> -0.1024745 | E65: ='pivot tables'!F114/'pivot tables'!F15 -> -0.12900614 | F65: ='pivot tables'!G114/'pivot tables'!G15 -> -0.16233321 | G65: ='pivot tables'!H114/'pivot tables'!H15 -> -0.20427071 | H65: ='pivot tables'!I114/'pivot tables'!I15 -> -0.2570012 | I65: ='pivot tables'!J114/'pivot tables'!J15 -> -0.32329202 | J65: ='pivot tables'!K114/'pivot tables'!K15 -> -0.40664411 | ... AJ65: ='pivot tables'!AK114/'pivot tables'!AK15 -> -1.2729627
B66: FIN | C66: ='pivot tables'!D115/'pivot tables'!D16 -> -0.91960326 | D66: ='pivot tables'!E115/'pivot tables'!E16 -> -0.7492315 | E66: ='pivot tables'!F115/'pivot tables'!F16 -> -0.84767659 | F66: ='pivot tables'!G115/'pivot tables'!G16 -> -0.89209826 | G66: ='pivot tables'!H115/'pivot tables'!H16 -> -1.0166741 | H66: ='pivot tables'!I115/'pivot tables'!I16 -> -1.0478822 | I66: ='pivot tables'!J115/'pivot tables'!J16 -> -0.96905055 | J66: ='pivot tables'!K115/'pivot tables'!K16 -> -1.0843434 | ... AJ66: ='pivot tables'!AK115/'pivot tables'!AK16 -> -1.3818444
B67: FRA | C67: ='pivot tables'!D116/'pivot tables'!D17 -> -1.0470265 | D67: ='pivot tables'!E116/'pivot tables'!E17 -> -1.1108512 | E67: ='pivot tables'!F116/'pivot tables'!F17 -> -1.1203525 | F67: ='pivot tables'!G116/'pivot tables'!G17 -> -1.0804003 | G67: ='pivot tables'!H116/'pivot tables'!H17 -> -1.0893942 | H67: ='pivot tables'!I116/'pivot tables'!I17 -> -1.0805532 | I67: ='pivot tables'!J116/'pivot tables'!J17 -> -1.0167951 | J67: ='pivot tables'!K116/'pivot tables'!K17 -> -1.0347127 | ... AJ67: ='pivot tables'!AK116/'pivot tables'!AK17 -> -1.2484897
B68: UK | C68: ='pivot tables'!D117/'pivot tables'!D18 -> -2.6186079 | D68: ='pivot tables'!E117/'pivot tables'!E18 -> -2.6368858 | E68: ='pivot tables'!F117/'pivot tables'!F18 -> -2.67619 | F68: ='pivot tables'!G117/'pivot tables'!G18 -> -2.7180412 | G68: ='pivot tables'!H117/'pivot tables'!H18 -> -2.8035514 | H68: ='pivot tables'!I117/'pivot tables'!I18 -> -2.8429738 | I68: ='pivot tables'!J117/'pivot tables'!J18 -> -2.8641315 | J68: ='pivot tables'!K117/'pivot tables'!K18 -> -2.9157866 | ... AJ68: ='pivot tables'!AK117/'pivot tables'!AK18 -> -3.8584588
... B81: SWE | C81: ='pivot tables'!D130/'pivot tables'!D31 -> 0 | D81: ='pivot tables'!E130/'pivot tables'!E31 -> 0 | E81: ='pivot tables'!F130/'pivot tables'!F31 -> 0 | F81: ='pivot tables'!G130/'pivot tables'!G31 -> 0 | G81: ='pivot tables'!H130/'pivot tables'!H31 -> 0 | H81: ='pivot tables'!I130/'pivot tables'!I31 -> 0 | I81: ='pivot tables'!J130/'pivot tables'!J31 -> 0 | J81: ='pivot tables'!K130/'pivot tables'!K31 -> 0 | ... AJ81: ='pivot tables'!AK130/'pivot tables'!AK31 -> -0.00013141494
B87: Country | C87: 1990 | D87: 1991 | E87: 1992 | F87: 1993 | G87: 1994 | H87: 1995 | I87: 1996 | J87: 1997 | K87: 1998 | L87: 1999 | M87: 2000 | N87: 2001 | O87: 2002 | P87: 2003 | Q87: 2004 | R87: 2005 | S87: 2006 | T87: 2007 | U87: 2008 | V87: 2009 | W87: 2010 | X87: 2011 | Y87: 2012 | Z87: 2013 | AA87: 2014 | AB87: 2015 | AC87: 2016 | AD87: 2017 | AE87: 2018 | AF87: 2019 | AG87: 2020 | AH87: 2021 | AI87: 2022 | AJ87: 2023
B88: Austria | C88: =IF('Table S4'!C57=0,"",'Table S4'!C24/'Table S4'!C57) -> -0.34897855 | D88: =IF('Table S4'!D57=0,"",'Table S4'!D24/'Table S4'!D57) -> -0.42918568 | E88: =IF('Table S4'!E57=0,"",'Table S4'!E24/'Table S4'!E57) -> -0.392808 | F88: =IF('Table S4'!F57=0,"",'Table S4'!F24/'Table S4'!F57) -> -0.38880401 | G88: =IF('Table S4'!G57=0,"",'Table S4'!G24/'Table S4'!G57) -> -0.37810105 | H88: =IF('Table S4'!H57=0,"",'Table S4'!H24/'Table S4'!H57) -> -0.42458473 | I88: =IF('Table S4'!I57=0,"",'Table S4'!I24/'Table S4'!I57) -> -0.41568458 | J88: =IF('Table S4'!J57=0,"",'Table S4'!J24/'Table S4'!J57) -> -0.41595772 | ... AJ88: =IF('Table S4'!AJ57=0,"",'Table S4'!AJ24/'Table S4'!AJ57) -> -0.2439171
B89: Croatia | C89: =IF(C70=0,"",C37/C70) -> -0.23262873 | D89: =IF(D70=0,"",D37/D70) -> -0.19727925 | E89: =IF(E70=0,"",E37/E70) -> -0.16870295 | F89: =IF(F70=0,"",F37/F70) -> -0.1911262 | G89: =IF(G70=0,"",G37/G70) -> -0.19317716 | H89: =IF(H70=0,"",H37/H70) -> -0.20793304 | I89: =IF(I70=0,"",I37/I70) -> -0.18816599 | J89: =IF(J70=0,"",J37/J70) -> -0.14152937 | ... AJ89: =IF(AJ70=0,"",AJ37/AJ70) -> -0.17343351
B90: Czechia | C90: =IF('Table S4'!C61=0,"",'Table S4'!C28/'Table S4'!C61) -> -0.31170768 | D90: =IF('Table S4'!D61=0,"",'Table S4'!D28/'Table S4'!D61) -> -0.28754488 | E90: =IF('Table S4'!E61=0,"",'Table S4'!E28/'Table S4'!E61) -> -0.21906512 | F90: =IF('Table S4'!F61=0,"",'Table S4'!F28/'Table S4'!F61) -> -0.29152469 | G90: =IF('Table S4'!G61=0,"",'Table S4'!G28/'Table S4'!G61) -> -0.2574825 | H90: =IF('Table S4'!H61=0,"",'Table S4'!H28/'Table S4'!H61) -> -0.26875963 | I90: =IF('Table S4'!I61=0,"",'Table S4'!I28/'Table S4'!I61) -> -0.26046513 | J90: =IF('Table S4'!J61=0,"",'Table S4'!J28/'Table S4'!J61) -> -0.24308208 | ... AJ90: =IF('Table S4'!AJ61=0,"",'Table S4'!AJ28/'Table S4'!AJ61) -> -0.24071922
B91: Estonia | C91: =IF('Table S4'!C65=0,"",'Table S4'!C32/'Table S4'!C65) -> -0.95553659 | D91: =IF('Table S4'!D65=0,"",'Table S4'!D32/'Table S4'!D65) -> -0.60995819 | E91: =IF('Table S4'!E65=0,"",'Table S4'!E32/'Table S4'!E65) -> -0.36649491 | F91: =IF('Table S4'!F65=0,"",'Table S4'!F32/'Table S4'!F65) -> -0.32309781 | G91: =IF('Table S4'!G65=0,"",'Table S4'!G32/'Table S4'!G65) -> -0.27860806 | H91: =IF('Table S4'!H65=0,"",'Table S4'!H32/'Table S4'!H65) -> -0.24202773 | I91: =IF('Table S4'!I65=0,"",'Table S4'!I32/'Table S4'!I65) -> -0.23513014 | J91: =IF('Table S4'!J65=0,"",'Table S4'!J32/'Table S4'!J65) -> -0.26158306 | ... AJ91: =IF('Table S4'!AJ65=0,"",'Table S4'!AJ32/'Table S4'!AJ65) -> -0.14891736
B92: Finland | C92: =IF('Table S4'!C66=0,"",'Table S4'!C33/'Table S4'!C66) -> -0.26333512 | D92: =IF('Table S4'!D66=0,"",'Table S4'!D33/'Table S4'!D66) -> -0.29477645 | E92: =IF('Table S4'!E66=0,"",'Table S4'!E33/'Table S4'!E66) -> -0.26641049 | F92: =IF('Table S4'!F66=0,"",'Table S4'!F33/'Table S4'!F66) -> -0.28814886 | G92: =IF('Table S4'!G66=0,"",'Table S4'!G33/'Table S4'!G66) -> -0.27723574 | H92: =IF('Table S4'!H66=0,"",'Table S4'!H33/'Table S4'!H66) -> -0.26811457 | I92: =IF('Table S4'!I66=0,"",'Table S4'!I33/'Table S4'!I66) -> -0.28386113 | J92: =IF('Table S4'!J66=0,"",'Table S4'!J33/'Table S4'!J66) -> -0.28971143 | ... AJ92: =IF('Table S4'!AJ66=0,"",'Table S4'!AJ33/'Table S4'!AJ66) -> -0.21072234
B93: France | C93: =IF('Table S4'!C67=0,"",'Table S4'!C34/'Table S4'!C67) -> -0.18221879 | D93: =IF('Table S4'!D67=0,"",'Table S4'!D34/'Table S4'!D67) -> -0.16995189 | E93: =IF('Table S4'!E67=0,"",'Table S4'!E34/'Table S4'!E67) -> -0.14886794 | F93: =IF('Table S4'!F67=0,"",'Table S4'!F34/'Table S4'!F67) -> -0.14131087 | G93: =IF('Table S4'!G67=0,"",'Table S4'!G34/'Table S4'!G67) -> -0.15033585 | H93: =IF('Table S4'!H67=0,"",'Table S4'!H34/'Table S4'!H67) -> -0.15657848 | I93: =IF('Table S4'!I67=0,"",'Table S4'!I34/'Table S4'!I67) -> -0.16039819 | J93: =IF('Table S4'!J67=0,"",'Table S4'!J34/'Table S4'!J67) -> -0.16500923 | ... AJ93: =IF('Table S4'!AJ67=0,"",'Table S4'!AJ34/'Table S4'!AJ67) -> -0.11527636
B94: Italy | C94: =IF('Table S4'!C72=0,"",'Table S4'!C39/'Table S4'!C72) -> -0.05515108 | D94: =IF('Table S4'!D72=0,"",'Table S4'!D39/'Table S4'!D72) -> -0.061219416 | E94: =IF('Table S4'!E72=0,"",'Table S4'!E39/'Table S4'!E72) -> -0.050079765 | F94: =IF('Table S4'!F72=0,"",'Table S4'!F39/'Table S4'!F72) -> -0.045726489 | G94: =IF('Table S4'!G72=0,"",'Table S4'!G39/'Table S4'!G72) -> -0.048079489 | H94: =IF('Table S4'!H72=0,"",'Table S4'!H39/'Table S4'!H72) -> -0.069524178 | I94: =IF('Table S4'!I72=0,"",'Table S4'!I39/'Table S4'!I72) -> -0.070598527 | J94: =IF('Table S4'!J72=0,"",'Table S4'!J39/'Table S4'!J72) -> -0.058500801 | ... AJ94: =IF('Table S4'!AJ72=0,"",'Table S4'!AJ39/'Table S4'!AJ72) -> -0.060177404
B95: Latvia | C95: =IF('Table S4'!C74=0,"",'Table S4'!C41/'Table S4'!C74) -> -0.083228824 | D95: =IF('Table S4'!D74=0,"",'Table S4'!D41/'Table S4'!D74) -> -0.089894551 | E95: =IF('Table S4'!E74=0,"",'Table S4'!E41/'Table S4'!E74) -> -0.077326645 | F95: =IF('Table S4'!F74=0,"",'Table S4'!F41/'Table S4'!F74) -> -0.04456364 | G95: =IF('Table S4'!G74=0,"",'Table S4'!G41/'Table S4'!G74) -> -0.069821867 | H95: =IF('Table S4'!H74=0,"",'Table S4'!H41/'Table S4'!H74) -> -0.083677725 | I95: =IF('Table S4'!I74=0,"",'Table S4'!I41/'Table S4'!I74) -> -0.097437786 | J95: =IF('Table S4'!J74=0,"",'Table S4'!J41/'Table S4'!J74) -> -0.12350869 | ... AJ95: =IF('Table S4'!AJ74=0,"",'Table S4'!AJ41/'Table S4'!AJ74) -> -0.1320666
B96: Portugal | C96: =IF('Table S4'!C77=0,"",'Table S4'!C44/'Table S4'!C77) -> -0.20291834 | D96: =IF('Table S4'!D77=0,"",'Table S4'!D44/'Table S4'!D77) -> -0.20610669 | E96: =IF('Table S4'!E77=0,"",'Table S4'!E44/'Table S4'!E77) -> -0.19888413 | F96: =IF('Table S4'!F77=0,"",'Table S4'!F44/'Table S4'!F77) -> -0.19453696 | G96: =IF('Table S4'!G77=0,"",'Table S4'!G44/'Table S4'!G77) -> -0.19871258 | H96: =IF('Table S4'!H77=0,"",'Table S4'!H44/'Table S4'!H77) -> -0.1990169 | I96: =IF('Table S4'!I77=0,"",'Table S4'!I44/'Table S4'!I77) -> -0.19212828 | J96: =IF('Table S4'!J77=0,"",'Table S4'!J44/'Table S4'!J77) -> -0.18194318 | ... AJ96: =IF('Table S4'!AJ77=0,"",'Table S4'!AJ44/'Table S4'!AJ77) -> -0.18036405
B97: Romania | C97: =IF('Table S4'!C78=0,"",'Table S4'!C45/'Table S4'!C78) -> -0.20498891 | D97: =IF('Table S4'!D78=0,"",'Table S4'!D45/'Table S4'!D78) -> -0.1636196 | E97: =IF('Table S4'!E78=0,"",'Table S4'!E45/'Table S4'!E78) -> -0.18367243 | F97: =IF('Table S4'!F78=0,"",'Table S4'!F45/'Table S4'!F78) -> -0.19410078 | G97: =IF('Table S4'!G78=0,"",'Table S4'!G45/'Table S4'!G78) -> -0.13165989 | H97: =IF('Table S4'!H78=0,"",'Table S4'!H45/'Table S4'!H78) -> -0.13667455 | I97: =IF('Table S4'!I78=0,"",'Table S4'!I45/'Table S4'!I78) -> -0.12491047 | J97: =IF('Table S4'!J78=0,"",'Table S4'!J45/'Table S4'!J78) -> -0.13207239 | ... AJ97: =IF('Table S4'!AJ78=0,"",'Table S4'!AJ45/'Table S4'!AJ78) -> -0.29132285
B98: Slovakia | C98: =IF('Table S4'!C79=0,"",'Table S4'!C46/'Table S4'!C79) -> -0.18618722 | D98: =IF('Table S4'!D79=0,"",'Table S4'!D46/'Table S4'!D79) -> -0.16626988 | E98: =IF('Table S4'!E79=0,"",'Table S4'!E46/'Table S4'!E79) -> -0.13063776 | F98: =IF('Table S4'!F79=0,"",'Table S4'!F46/'Table S4'!F79) -> -0.16271104 | G98: =IF('Table S4'!G79=0,"",'Table S4'!G46/'Table S4'!G79) -> -0.15890161 | H98: =IF('Table S4'!H79=0,"",'Table S4'!H46/'Table S4'!H79) -> -0.14269091 | I98: =IF('Table S4'!I79=0,"",'Table S4'!I46/'Table S4'!I79) -> -0.1534106 | J98: =IF('Table S4'!J79=0,"",'Table S4'!J46/'Table S4'!J79) -> -0.16318604 | ... AJ98: =IF('Table S4'!AJ79=0,"",'Table S4'!AJ46/'Table S4'!AJ79) -> -0.1917678
B99: Slovenia | C99: =IF('Table S4'!C80=0,"",'Table S4'!C47/'Table S4'!C80) -> -3.4840499 | D99: =IF('Table S4'!D80=0,"",'Table S4'!D47/'Table S4'!D80) -> -2.1785501 | E99: =IF('Table S4'!E80=0,"",'Table S4'!E47/'Table S4'!E80) -> -1.5844055 | F99: =IF('Table S4'!F80=0,"",'Table S4'!F47/'Table S4'!F80) -> -1.2105612 | G99: =IF('Table S4'!G80=0,"",'Table S4'!G47/'Table S4'!G80) -> -1.1180372 | H99: =IF('Table S4'!H80=0,"",'Table S4'!H47/'Table S4'!H80) -> -0.99328077 | I99: =IF('Table S4'!I80=0,"",'Table S4'!I47/'Table S4'!I80) -> -0.9802278 | J99: =IF('Table S4'!J80=0,"",'Table S4'!J47/'Table S4'!J80) -> -0.79882175 | ... AJ99: =IF('Table S4'!AJ80=0,"",'Table S4'!AJ47/'Table S4'!AJ80) -> -4.3584314
B100: UK | C100: =IF('Table S4'!C68=0,"",'Table S4'!C35/'Table S4'!C68) -> -0.14427797 | D100: =IF('Table S4'!D68=0,"",'Table S4'!D35/'Table S4'!D68) -> -0.13972685 | E100: =IF('Table S4'!E68=0,"",'Table S4'!E35/'Table S4'!E68) -> -0.14017518 | F100: =IF('Table S4'!F68=0,"",'Table S4'!F35/'Table S4'!F68) -> -0.14004839 | G100: =IF('Table S4'!G68=0,"",'Table S4'!G35/'Table S4'!G68) -> -0.14412967 | H100: =IF('Table S4'!H68=0,"",'Table S4'!H35/'Table S4'!H68) -> -0.14538744 | I100: =IF('Table S4'!I68=0,"",'Table S4'!I35/'Table S4'!I68) -> -0.14343822 | J100: =IF('Table S4'!J68=0,"",'Table S4'!J35/'Table S4'!J68) -> -0.14645271 | ... AJ100: =IF('Table S4'!AJ68=0,"",'Table S4'!AJ35/'Table S4'!AJ68) -> -0.11600158

Sheet Table S5 weighted avg
A1: Table S5
B3: Country | C3: 1990 | D3: 1991 | E3: 1992 | F3: 1993 | G3: 1994 | H3: 1995 | I3: 1996 | J3: 1997 | K3: 1998 | L3: 1999 | M3: 2000 | N3: 2001 | O3: 2002 | P3: 2003 | Q3: 2004 | R3: 2005 | S3: 2006 | T3: 2007 | U3: 2008 | V3: 2009 | W3: 2010 | X3: 2011 | Y3: 2012 | Z3: 2013 | AA3: 2014 | AB3: 2015 | AC3: 2016 | AD3: 2017 | AE3: 2018 | AF3: 2019 | AG3: 2020 | AH3: 2021 | AI3: 2022 | AJ3: 2023
B4: Sum HWP gains | C4: =SUM(C21,C25,C29,C30,C31,C32,C34,C36,C38,C41,C42,C43,C44) -> 19767.785 | D4: =SUM(D21,D25,D29,D30,D31,D32,D34,D36,D38,D41,D42,D43,D44) -> 17926.377 | E4: =SUM(E21,E25,E29,E30,E31,E32,E34,E36,E38,E41,E42,E43,E44) -> 16828.552 | F4: =SUM(F21,F25,F29,F30,F31,F32,F34,F36,F38,F41,F42,F43,F44) -> 17512.291 | G4: =SUM(G21,G25,G29,G30,G31,G32,G34,G36,G38,G41,G42,G43,G44) -> 18530.466 | H4: =SUM(H21,H25,H29,H30,H31,H32,H34,H36,H38,H41,H42,H43,H44) -> 19191.715 | I4: =SUM(I21,I25,I29,I30,I31,I32,I34,I36,I38,I41,I42,I43,I44) -> 19243.192 | J4: =SUM(J21,J25,J29,J30,J31,J32,J34,J36,J38,J41,J42,J43,J44) -> 20607.898 | ... AJ4: =SUM(AJ21,AJ25,AJ29,AJ30,AJ31,AJ32,AJ34,AJ36,AJ38,AJ41,AJ42,AJ43,AJ44) -> 22558.27
B5: Sum Biomass losses | C5: =SUM(C54,C58,C62,C63,C64,C65,C67,C69,C71,C74,C75,C76,C77) -> -99736.004 | D5: =SUM(D54,D58,D62,D63,D64,D65,D67,D69,D71,D74,D75,D76,D77) -> -90585.335 | E5: =SUM(E54,E58,E62,E63,E64,E65,E67,E69,E71,E74,E75,E76,E77) -> -93220.666 | F5: =SUM(F54,F58,F62,F63,F64,F65,F67,F69,F71,F74,F75,F76,F77) -> -96678.861 | G5: =SUM(G54,G58,G62,G63,G64,G65,G67,G69,G71,G74,G75,G76,G77) -> -99856.043 | H5: =SUM(H54,H58,H62,H63,H64,H65,H67,H69,H71,H74,H75,H76,H77) -> -100422.39 | I5: =SUM(I54,I58,I62,I63,I64,I65,I67,I69,I71,I74,I75,I76,I77) -> -99128.913 | J5: =SUM(J54,J58,J62,J63,J64,J65,J67,J69,J71,J74,J75,J76,J77) -> -106434.47 | ... AJ5: =SUM(AJ54,AJ58,AJ62,AJ63,AJ64,AJ65,AJ67,AJ69,AJ71,AJ74,AJ75,AJ76,AJ77) -> -137690.63
B6: weighted avg | C6: =C4/C5 -> -0.1982011 | D6: =D4/D5 -> -0.19789491 | E6: =E4/E5 -> -0.18052384 | F6: =F4/F5 -> -0.18113878 | G6: =G4/G5 -> -0.1855718 | H6: =H4/H5 -> -0.19110992 | I6: =I4/I5 -> -0.1941229 | J6: =J4/J5 -> -0.19362053 | ... AJ6: =AJ4/AJ5 -> -0.16383301
B10: Country | C10: 1990-2008 | D10: 2009-2017 | E10: 2018-2023
B11: weighted avg | C11: =AVERAGE(C6:U6) -> -0.19804808 | D11: =AVERAGE(V6:AD6) -> -0.1884332 | E11: =AVERAGE(AE6:AJ6) -> -0.16792788
C18: wrongunit <- c("TUR","BEL","ESP","FRA","GRC","PRT","NOR","SVK","SWE”)
B19: HWP in use from domestic harvest (kt C)
B20: Country | C20: 1990 | D20: 1991 | E20: 1992 | F20: 1993 | G20: 1994 | H20: 1995 | I20: 1996 | J20: 1997 | K20: 1998 | L20: 1999 | M20: 2000 | N20: 2001 | O20: 2002 | P20: 2003 | Q20: 2004 | R20: 2005 | S20: 2006 | T20: 2007 | U20: 2008 | V20: 2009 | W20: 2010 | X20: 2011 | Y20: 2012 | Z20: 2013 | AA20: 2014 | AB20: 2015 | AC20: 2016 | AD20: 2017 | AE20: 2018 | AF20: 2019 | AG20: 2020 | AH20: 2021 | AI20: 2022 | AJ20: 2023
B21: AUT | C21: ='pivot tables'!D40 -> 2434.6331 | D21: ='pivot tables'!E40 -> 2192.7339 | E21: ='pivot tables'!F40 -> 2144.2568 | F21: ='pivot tables'!G40 -> 2115.4447 | G21: ='pivot tables'!H40 -> 2401.4302 | H21: ='pivot tables'!I40 -> 2431.8994 | I21: ='pivot tables'!J40 -> 2576.1843 | J21: ='pivot tables'!K40 -> 2532.8888 | ... AJ21: ='pivot tables'!AK40 -> 2439.2184
B22: BEL | C22: ='pivot tables'!D41/1000 -> 707.66053 | D22: ='pivot tables'!E41/1000 -> 607.99959 | E22: ='pivot tables'!F41/1000 -> 574.4359 | F22: ='pivot tables'!G41/1000 -> 590.77557 | G22: ='pivot tables'!H41/1000 -> 534.9104 | H22: ='pivot tables'!I41/1000 -> 610.10187 | I22: ='pivot tables'!J41/1000 -> 678.75525 | J22: ='pivot tables'!K41/1000 -> 563.27097 | ... AJ22: ='pivot tables'!AK41/1000 -> 311.7967
B23: BGR | C23: ='pivot tables'!D42 -> 451.87986 | D23: ='pivot tables'!E42 -> 417.03694 | E23: ='pivot tables'!F42 -> 209.59836 | F23: ='pivot tables'!G42 -> 179.68791 | G23: ='pivot tables'!H42 -> 184.53622 | H23: ='pivot tables'!I42 -> 191.9807 | I23: ='pivot tables'!J42 -> 220.47092 | J23: ='pivot tables'!K42 -> 238.97272 | ... AJ23: ='pivot tables'!AK42 -> 911.84214
B24: CHE | C24: ='pivot tables'!D43 -> 0 | D24: ='pivot tables'!E43 -> 0 | E24: ='pivot tables'!F43 -> 0 | F24: ='pivot tables'!G43 -> 0 | G24: ='pivot tables'!H43 -> 0 | H24: ='pivot tables'!I43 -> 0 | I24: ='pivot tables'!J43 -> 0 | J24: ='pivot tables'!K43 -> 0 | ... AJ24: ='pivot tables'!AK43 -> 0
B25: CZE | C25: ='pivot tables'!D44 -> 1472.6176 | D25: ='pivot tables'!E44 -> 1105.6059 | E25: ='pivot tables'!F44 -> 783.78008 | F25: ='pivot tables'!G44 -> 1044.9773 | G25: ='pivot tables'!H44 -> 1073.1232 | H25: ='pivot tables'!I44 -> 1179.9399 | I25: ='pivot tables'!J44 -> 1161.018 | J25: ='pivot tables'!K44 -> 1179.1346 | ... AJ25: ='pivot tables'!AK44 -> 1506.1559
B26: DEU | C26: ='pivot tables'!D45 -> 7114.3215 | D26: ='pivot tables'!E45 -> 6659.1367 | E26: ='pivot tables'!F45 -> 6857.3205 | F26: ='pivot tables'!G45 -> 6672.0535 | G26: ='pivot tables'!H45 -> 7673.2887 | H26: ='pivot tables'!I45 -> 7799.0742 | I26: ='pivot tables'!J45 -> 8090.6236 | J26: ='pivot tables'!K45 -> 8289.9201 | ... AJ26: ='pivot tables'!AK45 -> 12371.871
B27: DNK | C27: ='pivot tables'!D46 -> 145.02104 | D27: ='pivot tables'!E46 -> 109.50607 | E27: ='pivot tables'!F46 -> 161.74843 | F27: ='pivot tables'!G46 -> 234.66788 | G27: ='pivot tables'!H46 -> 217.60276 | H27: ='pivot tables'!I46 -> 216.72923 | I27: ='pivot tables'!J46 -> 229.29324 | J27: ='pivot tables'!K46 -> 204.05639 | ... AJ27: ='pivot tables'!AK46 -> 180.63831
B28: ESP | C28: ='pivot tables'!D47/1000 -> 1975.5827 | D28: ='pivot tables'!E47/1000 -> 2018.2265 | E28: ='pivot tables'!F47/1000 -> 1708.1349 | F28: ='pivot tables'!G47/1000 -> 1866.5006 | G28: ='pivot tables'!H47/1000 -> 1923.5688 | H28: ='pivot tables'!I47/1000 -> 2031.837 | I28: ='pivot tables'!J47/1000 -> 2016.0075 | J28: ='pivot tables'!K47/1000 -> 1962.7625 | ... AJ28: ='pivot tables'!AK47/1000 -> 2780.5542
B29: EST | C29: ='pivot tables'!D48 -> 184.15402 | D29: ='pivot tables'!E48 -> 148.23175 | E29: ='pivot tables'!F48 -> 112.30947 | F29: ='pivot tables'!G48 -> 124.85033 | G29: ='pivot tables'!H48 -> 135.75525 | H29: ='pivot tables'!I48 -> 148.70835 | I29: ='pivot tables'!J48 -> 182.17374 | J29: ='pivot tables'!K48 -> 255.56088 | ... AJ29: ='pivot tables'!AK48 -> 465.22437
B30: FIN | C30: ='pivot tables'!D49 -> 5353.914 | D30: ='pivot tables'!E49 -> 4884.26 | E30: ='pivot tables'!F49 -> 4995.434 | F30: ='pivot tables'!G49 -> 5686.788 | G30: ='pivot tables'!H49 -> 6236.111 | H30: ='pivot tables'!I49 -> 6216.394 | I30: ='pivot tables'!J49 -> 6086.438 | J30: ='pivot tables'!K49 -> 6950.088 | ... AJ30: ='pivot tables'!AK49 -> 6357.943
B31: FRA | C31: ='pivot tables'!D50/1000 -> 4507.2017 | D31: ='pivot tables'!E50/1000 -> 4472.8381 | E31: ='pivot tables'!F50/1000 -> 3962.7974 | F31: ='pivot tables'!G50/1000 -> 3637.9092 | G31: ='pivot tables'!H50/1000 -> 3913.7158 | H31: ='pivot tables'!I50/1000 -> 4054.7089 | I31: ='pivot tables'!J50/1000 -> 3919.7119 | J31: ='pivot tables'!K50/1000 -> 4115.026 | ... AJ31: ='pivot tables'!AK50/1000 -> 3721.8437
B32: GBR | C32: ='pivot tables'!D51 -> 1191.382 | D32: ='pivot tables'!E51 -> 1171.4077 | E32: ='pivot tables'!F51 -> 1202.4284 | F32: ='pivot tables'!G51 -> 1230.4538 | G32: ='pivot tables'!H51 -> 1319.2954 | H32: ='pivot tables'!I51 -> 1361.1506 | I32: ='pivot tables'!J51 -> 1364.1563 | J32: ='pivot tables'!K51 -> 1429.5223 | ... AJ32: ='pivot tables'!AK51 -> 1644.9336
B33: GRC | C33: ='pivot tables'!D52/1000 -> 175.69457 | D33: ='pivot tables'!E52/1000 -> 177.65716 | E33: ='pivot tables'!F52/1000 -> 152.10628 | F33: ='pivot tables'!G52/1000 -> 220.61445 | G33: ='pivot tables'!H52/1000 -> 227.25979 | H33: ='pivot tables'!I52/1000 -> 217.88213 | I33: ='pivot tables'!J52/1000 -> 229.17741 | J33: ='pivot tables'!K52/1000 -> 70.018648 | ... AJ33: ='pivot tables'!AK52/1000 -> 102.0673
B34: HRV | C34: ='pivot tables'!D53 -> 423.81014 | D34: ='pivot tables'!E53 -> 274.88284 | E34: ='pivot tables'!F53 -> 225.66389 | F34: ='pivot tables'!G53 -> 248.6722 | G34: ='pivot tables'!H53 -> 267.96886 | H34: ='pivot tables'!I53 -> 272.14443 | I34: ='pivot tables'!J53 -> 262.98001 | J34: ='pivot tables'!K53 -> 221.36977 | ... AJ34: ='pivot tables'!AK53 -> 442.07326
B35: IRL | C35: ='pivot tables'!D54 -> 150.00993 | D35: ='pivot tables'!E54 -> 151.54259 | E35: ='pivot tables'!F54 -> 195.60469 | F35: ='pivot tables'!G54 -> 206.02904 | G35: ='pivot tables'!H54 -> 225.85368 | H35: ='pivot tables'!I54 -> 239.09194 | I35: ='pivot tables'!J54 -> 273.65057 | J35: ='pivot tables'!K54 -> 279.83418 | ... AJ35: ='pivot tables'!AK54 -> 456.7898
B36: ITA | C36: ='pivot tables'!D55 -> 804.49517 | D36: ='pivot tables'!E55 -> 712.28063 | E36: ='pivot tables'!F55 -> 612.25705 | F36: ='pivot tables'!G55 -> 694.34762 | G36: ='pivot tables'!H55 -> 608.28509 | H36: ='pivot tables'!I55 -> 838.89111 | I36: ='pivot tables'!J55 -> 871.76862 | J36: ='pivot tables'!K55 -> 851.24979 | ... AJ36: ='pivot tables'!AK55 -> 805.82458
B37: LTU | C37: ='pivot tables'!D56 -> 290.06299 | D37: ='pivot tables'!E56 -> 295.69639 | E37: ='pivot tables'!F56 -> 127.46243 | F37: ='pivot tables'!G56 -> 239.77167 | G37: ='pivot tables'!H56 -> 368.96596 | H37: ='pivot tables'!I56 -> 419.51114 | I37: ='pivot tables'!J56 -> 510.26268 | J37: ='pivot tables'!K56 -> 449.53498 | ... AJ37: ='pivot tables'!AK56 -> 884.48822
B38: LVA | C38: ='pivot tables'!D57 -> 315.69554 | D38: ='pivot tables'!E57 -> 315.69554 | E38: ='pivot tables'!F57 -> 258.04735 | F38: ='pivot tables'!G57 -> 164.0275 | G38: ='pivot tables'!H57 -> 296.40003 | H38: ='pivot tables'!I57 -> 399.97042 | I38: ='pivot tables'!J57 -> 460.0324 | J38: ='pivot tables'!K57 -> 706.47613 | ... AJ38: ='pivot tables'!AK57 -> 1217.1913
B39: NOR | C39: ='pivot tables'!D58 -> 1431.66 | D39: ='pivot tables'!E58 -> 1360.73 | E39: ='pivot tables'!F58 -> 1340.89 | F39: ='pivot tables'!G58 -> 1420.7 | G39: ='pivot tables'!H58 -> 1535.5 | H39: ='pivot tables'!I58 -> 1529.48 | I39: ='pivot tables'!J58 -> 1509.57 | J39: ='pivot tables'!K58 -> 1541.72 | ... AJ39: ='pivot tables'!AK58 -> 1066.51
B40: POL | C40: ='pivot tables'!D59 -> 518.61845 | D40: ='pivot tables'!E59 -> 477.93485 | E40: ='pivot tables'!F59 -> 572.37339 | F40: ='pivot tables'!G59 -> 652.68964 | G40: ='pivot tables'!H59 -> 760.94607 | H40: ='pivot tables'!I59 -> 687.50174 | I40: ='pivot tables'!J59 -> 675.89992 | J40: ='pivot tables'!K59 -> 775.90317 | ... AJ40: ='pivot tables'!AK59 -> 2426.9252
B41: PRT | C41: ='pivot tables'!D60/1000 -> 1231.7469 | D41: ='pivot tables'!E60/1000 -> 1225.9837 | E41: ='pivot tables'!F60/1000 -> 1145.2431 | F41: ='pivot tables'!G60/1000 -> 1115.2372 | G41: ='pivot tables'!H60/1000 -> 1110.9834 | H41: ='pivot tables'!I60/1000 -> 1076.5982 | I41: ='pivot tables'!J60/1000 -> 1129.5924 | J41: ='pivot tables'!K60/1000 -> 1068.9623 | ... AJ41: ='pivot tables'!AK60/1000 -> 1261.3552
B42: ROU | C42: ='pivot tables'!D61 -> 1187.4061 | D42: ='pivot tables'!E61 -> 904.00348 | E42: ='pivot tables'!F61 -> 979.16189 | F42: ='pivot tables'!G61 -> 989.93313 | G42: ='pivot tables'!H61 -> 654.09947 | H42: ='pivot tables'!I61 -> 702.67975 | I42: ='pivot tables'!J61 -> 668.35991 | J42: ='pivot tables'!K61 -> 696.08884 | ... AJ42: ='pivot tables'!AK61 -> 1798.1314
B43: SVK | C43: ='pivot tables'!D62/1000 -> 445.37388 | D43: ='pivot tables'!E62/1000 -> 335.83904 | E43: ='pivot tables'!F62/1000 -> 239.53126 | F43: ='pivot tables'!G62/1000 -> 304.95126 | G43: ='pivot tables'!H62/1000 -> 345.84498 | H43: ='pivot tables'!I62/1000 -> 338.02633 | I43: ='pivot tables'!J62/1000 -> 371.11552 | J43: ='pivot tables'!K62/1000 -> 429.55252 | ... AJ43: ='pivot tables'!AK62/1000 -> 630.41542
B44: SVN | C44: ='pivot tables'!D63 -> 215.3553 | D44: ='pivot tables'!E63 -> 182.61417 | E44: ='pivot tables'!F63 -> 167.64169 | F44: ='pivot tables'!G63 -> 154.69872 | G44: ='pivot tables'!H63 -> 167.45346 | H44: ='pivot tables'!I63 -> 170.60401 | I44: ='pivot tables'!J63 -> 189.6607 | J44: ='pivot tables'!K63 -> 171.9785 | ... AJ44: ='pivot tables'!AK63 -> 267.96023
B45: SWE | C45: ='pivot tables'!D64/1000 -> 9144.959 | D45: ='pivot tables'!E64/1000 -> 9097.595 | E45: ='pivot tables'!F64/1000 -> 9022.94 | F45: ='pivot tables'!G64/1000 -> 9589.762 | G45: ='pivot tables'!H64/1000 -> 9857.729 | H45: ='pivot tables'!I64/1000 -> 10137.078 | I45: ='pivot tables'!J64/1000 -> 10103.451 | J45: ='pivot tables'!K64/1000 -> 10774.961 | ... AJ45: ='pivot tables'!AK64/1000 -> 17806.518
B52: LivingBMLosses(ktC)
B53: Country | C53: 1990 | D53: 1991 | E53: 1992 | F53: 1993 | G53: 1994 | H53: 1995 | I53: 1996 | J53: 1997 | K53: 1998 | L53: 1999 | M53: 2000 | N53: 2001 | O53: 2002 | P53: 2003 | Q53: 2004 | R53: 2005 | S53: 2006 | T53: 2007 | U53: 2008 | V53: 2009 | W53: 2010 | X53: 2011 | Y53: 2012 | Z53: 2013 | AA53: 2014 | AB53: 2015 | AC53: 2016 | AD53: 2017 | AE53: 2018 | AF53: 2019 | AG53: 2020 | AH53: 2021 | AI53: 2022 | AJ53: 2023
B54: AUT | C54: ='pivot tables'!D106 -> -6976.4549 | D54: ='pivot tables'!E106 -> -5109.0566 | E54: ='pivot tables'!F106 -> -5458.791 | F54: ='pivot tables'!G106 -> -5440.9023 | G54: ='pivot tables'!H106 -> -6351.2919 | H54: ='pivot tables'!I106 -> -5727.7128 | I54: ='pivot tables'!J106 -> -6197.4497 | J54: ='pivot tables'!K106 -> -6089.2939 | ... AJ54: ='pivot tables'!AK106 -> -10000.194
B55: BEL | C55: ='pivot tables'!D107 -> -1.4117948 | D55: ='pivot tables'!E107 -> -1.4130476 | E55: ='pivot tables'!F107 -> -1.4146968 | F55: ='pivot tables'!G107 -> -1.4157421 | G55: ='pivot tables'!H107 -> -1.4165717 | H55: ='pivot tables'!I107 -> -1.4172198 | I55: ='pivot tables'!J107 -> -1.4178762 | J55: ='pivot tables'!K107 -> -1.4189397 | ... AJ55: ='pivot tables'!AK107 -> -5.734042
B56: BGR | C56: ='pivot tables'!D108 -> -25.634676 | D56: ='pivot tables'!E108 -> -26.295097 | E56: ='pivot tables'!F108 -> -26.937083 | F56: ='pivot tables'!G108 -> -25.278121 | G56: ='pivot tables'!H108 -> -25.356123 | H56: ='pivot tables'!I108 -> -24.598757 | I56: ='pivot tables'!J108 -> -24.53441 | J56: ='pivot tables'!K108 -> -24.392008 | ... AJ56: ='pivot tables'!AK108 -> -76.453977
B57: CHE | C57: ='pivot tables'!D109 -> -3063.8615 | D57: ='pivot tables'!E109 -> -2384.3634 | E57: ='pivot tables'!F109 -> -2371.5055 | F57: ='pivot tables'!G109 -> -2331.3513 | G57: ='pivot tables'!H109 -> -2437.1708 | H57: ='pivot tables'!I109 -> -2477.4694 | I57: ='pivot tables'!J109 -> -2496.481 | J57: ='pivot tables'!K109 -> -2661.9352 | ... AJ57: ='pivot tables'!AK109 -> -3237.7262
B58: CZE | C58: ='pivot tables'!D110 -> -4724.3548 | D58: ='pivot tables'!E110 -> -3844.9856 | E58: ='pivot tables'!F110 -> -3577.8406 | F58: ='pivot tables'!G110 -> -3584.5241 | G58: ='pivot tables'!H110 -> -4167.7518 | H58: ='pivot tables'!I110 -> -4390.3166 | I58: ='pivot tables'!J110 -> -4457.4797 | J58: ='pivot tables'!K110 -> -4850.7674 | ... AJ58: ='pivot tables'!AK110 -> -6256.8995
B59: DEU | C59: ='pivot tables'!D111 -> -294.87154 | D59: ='pivot tables'!E111 -> -290.94526 | E59: ='pivot tables'!F111 -> -292.51961 | F59: ='pivot tables'!G111 -> -296.28432 | G59: ='pivot tables'!H111 -> -294.35746 | H59: ='pivot tables'!I111 -> -297.28738 | I59: ='pivot tables'!J111 -> -296.70435 | J59: ='pivot tables'!K111 -> -296.89926 | ... AJ59: ='pivot tables'!AK111 -> -7233.3332
B60: DNK | C60: ='pivot tables'!D112 -> -30.095467 | D60: ='pivot tables'!E112 -> -17.843677 | E60: ='pivot tables'!F112 -> -17.836723 | F60: ='pivot tables'!G112 -> -17.829769 | G60: ='pivot tables'!H112 -> -17.343616 | H60: ='pivot tables'!I112 -> -16.284585 | I60: ='pivot tables'!J112 -> -16.284585 | J60: ='pivot tables'!K112 -> -16.284585 | ... AJ60: ='pivot tables'!AK112 -> -48.365678
B61: ESP | C61: ='pivot tables'!D113 -> 0 | D61: ='pivot tables'!E113 -> 0 | E61: ='pivot tables'!F113 -> 0 | F61: ='pivot tables'!G113 -> 0 | G61: ='pivot tables'!H113 -> 0 | H61: ='pivot tables'!I113 -> 0 | I61: ='pivot tables'!J113 -> 0 | J61: ='pivot tables'!K113 -> 0 | ... AJ61: ='pivot tables'!AK113 -> 0
B62: EST | C62: ='pivot tables'!D114 -> -192.72315 | D62: ='pivot tables'!E114 -> -243.01952 | E62: ='pivot tables'!F114 -> -306.44209 | F62: ='pivot tables'!G114 -> -386.41652 | G62: ='pivot tables'!H114 -> -487.26246 | H62: ='pivot tables'!I114 -> -614.4269 | I62: ='pivot tables'!J114 -> -774.77837 | J62: ='pivot tables'!K114 -> -976.97793 | ... AJ62: ='pivot tables'!AK114 -> -3124.0439
B63: FIN | C63: ='pivot tables'!D115 -> -20331.181 | D63: ='pivot tables'!E115 -> -16569.37 | E63: ='pivot tables'!F115 -> -18750.891 | F63: ='pivot tables'!G115 -> -19735.591 | G63: ='pivot tables'!H115 -> -22493.893 | H63: ='pivot tables'!I115 -> -23185.588 | I63: ='pivot tables'!J115 -> -21441.604 | J63: ='pivot tables'!K115 -> -23989.692 | ... AJ63: ='pivot tables'!AK115 -> -30172.135
B64: FRA | C64: ='pivot tables'!D116 -> -24735.109 | D64: ='pivot tables'!E116 -> -26318.26 | E64: ='pivot tables'!F116 -> -26619.548 | F64: ='pivot tables'!G116 -> -25744.015 | G64: ='pivot tables'!H116 -> -26033.15 | H64: ='pivot tables'!I116 -> -25895.697 | I64: ='pivot tables'!J116 -> -24437.383 | J64: ='pivot tables'!K116 -> -24938.157 | ... AJ64: ='pivot tables'!AK116 -> -32286.27
B65: UK | C65: ='pivot tables'!D117 -> -8257.5457 | D65: ='pivot tables'!E117 -> -8383.5547 | E65: ='pivot tables'!F117 -> -8578.0407 | F65: ='pivot tables'!G117 -> -8785.9192 | G65: ='pivot tables'!H117 -> -9153.5309 | H65: ='pivot tables'!I117 -> -9362.2295 | I65: ='pivot tables'!J117 -> -9510.4107 | J65: ='pivot tables'!K117 -> -9760.982 | ... AJ65: ='pivot tables'!AK117 -> -14180.268
... B78: SWE | C78: ='pivot tables'!D130 -> 0 | D78: ='pivot tables'!E130 -> 0 | E78: ='pivot tables'!F130 -> 0 | F78: ='pivot tables'!G130 -> 0 | G78: ='pivot tables'!H130 -> 0 | H78: ='pivot tables'!I130 -> 0 | I78: ='pivot tables'!J130 -> 0 | J78: ='pivot tables'!K130 -> 0 | ... AJ78: ='pivot tables'!AK130 -> -3.698823

Sheet pivot tables
A1: pivot tables
C5: Summe von TotalArea(kha) | D5: Spaltenbeschriftungen
C6: Zeilenbeschriftungen | D6: 1990 | E6: 1991 | F6: 1992 | G6: 1993 | H6: 1994 | I6: 1995 | J6: 1996 | K6: 1997 | L6: 1998 | M6: 1999 | N6: 2000 | O6: 2001 | P6: 2002 | Q6: 2003 | R6: 2004 | S6: 2005 | T6: 2006 | U6: 2007 | V6: 2008 | W6: 2009 | X6: 2010 | Y6: 2011 | Z6: 2012 | AA6: 2013 | AB6: 2014 | AC6: 2015 | AD6: 2016 | AE6: 2017 | AF6: 2018 | AG6: 2019 | AH6: 2020 | AI6: 2021 | AJ6: 2022 | AK6: 2023
C7: AUT | D7: 3892.5179 | E7: 3900.1819 | F7: 3907.846 | G7: 3915.51 | H7: 3923.1741 | I7: 3928.4501 | J7: 3933.7261 | K7: 3939.0021 | L7: 3944.2782 | M7: 3949.5542 | N7: 3954.8302 | O7: 3960.1062 | P7: 3964.3637 | Q7: 3968.6212 | R7: 3972.8786 | S7: 3977.1361 | T7: 3981.3935 | U7: 3985.651 | V7: 3989.9085 | W7: 3992.1895 | X7: 3994.4706 | Y7: 3996.7516 | Z7: 3999.0327 | AA7: 4001.3137 | AB7: 4003.5948 | AC7: 4005.8758 | AD7: 4008.1569 | AE7: 4010.4379 | AF7: 4012.719 | AG7: 4015 | AH7: 4017.281 | AI7: 4019.5621 | AJ7: 4021.8431 | AK7: 4024.1242
C8: BEL | D8: 708.60066 | E8: 708.93429 | F8: 709.26792 | G8: 709.60154 | H8: 709.93517 | I8: 710.2688 | J8: 710.60243 | K8: 710.94319 | L8: 711.28396 | M8: 711.62473 | N8: 711.96549 | O8: 712.30626 | P8: 712.64703 | Q8: 712.98779 | R8: 713.32856 | S8: 713.64434 | T8: 713.96012 | U8: 714.27589 | V8: 714.59167 | W8: 714.93244 | X8: 715.58689 | Y8: 716.24134 | Z8: 716.89579 | AA8: 716.88222 | AB8: 716.86865 | AC8: 716.85508 | AD8: 717.17552 | AE8: 717.49596 | AF8: 717.8164 | AG8: 718.13684 | AH8: 718.45728 | AI8: 718.77772 | AJ8: 719.09816 | AK8: 719.4186
C9: BGR | D9: 3809.2573 | E9: 3813.422 | F9: 3817.5868 | G9: 3821.7515 | H9: 3825.9162 | I9: 3830.081 | J9: 3834.2457 | K9: 3838.4104 | L9: 3842.5752 | M9: 3846.7399 | N9: 3850.9046 | O9: 3855.0693 | P9: 3859.2341 | Q9: 3863.3988 | R9: 3867.5635 | S9: 3871.7283 | T9: 3875.893 | U9: 3880.0577 | V9: 3884.2225 | W9: 3888.3872 | X9: 3892.5519 | Y9: 3895.2087 | Z9: 3897.8655 | AA9: 3900.5224 | AB9: 3903.1792 | AC9: 3905.836 | AD9: 3908.4928 | AE9: 3911.1496 | AF9: 3913.8064 | AG9: 3916.4632 | AH9: 3919.12 | AI9: 3920.6291 | AJ9: 3925.3087 | AK9: 3933.455
C10: CHE | D10: 1214.98 | E10: 1217.245 | F10: 1219.556 | G10: 1221.721 | H10: 1223.606 | I10: 1225.416 | J10: 1226.97 | K10: 1228.513 | L10: 1229.629 | M10: 1230.855 | N10: 1231.88 | O10: 1233.314 | P10: 1234.32 | Q10: 1235.687 | R10: 1236.848 | S10: 1238.136 | T10: 1239.301 | U10: 1240.579 | V10: 1242.216 | W10: 1244.098 | X10: 1246.055 | Y10: 1247.969 | Z10: 1250.051 | AA10: 1251.864 | AB10: 1253.762 | AC10: 1255.986 | AD10: 1258.224 | AE10: 1260.295 | AF10: 1262.32 | AG10: 1264.293 | AH10: 1265.759 | AI10: 1267.181 | AJ10: 1268.59 | AK10: 1270.002
C11: CZE | D11: 2629.483 | E11: 2629.295 | F11: 2629.075 | G11: 2628.6289 | H11: 2629.5015 | I11: 2630.1282 | J11: 2630.9928 | K11: 2631.8035 | L11: 2633.819 | M11: 2634.4717 | N11: 2637.2897 | O11: 2639.1597 | P11: 2643.0566 | Q11: 2644.17 | R11: 2645.7401 | S11: 2647.4183 | T11: 2649.1494 | U11: 2651.2102 | V11: 2653.0349 | W11: 2655.2114 | X11: 2657.3759 | Y11: 2659.8384 | Z11: 2661.8893 | AA11: 2663.7305 | AB11: 2666.3764 | AC11: 2668.3922 | AD11: 2669.8498 | AE11: 2671.6585 | AF11: 2673.3917 | AG11: 2675.6699 | AH11: 2677.329 | AI11: 2678.8041 | AJ11: 2680.372 | AK11: 2681.7637
C12: DEU | D12: 10673.067 | E12: 10683.56 | F12: 10694.045 | G12: 10704.522 | H12: 10714.992 | I12: 10725.457 | J12: 10735.921 | K12: 10746.379 | L12: 10756.83 | M12: 10767.273 | N12: 10777.714 | O12: 10779.374 | P12: 10781.008 | Q12: 10782.622 | R12: 10784.228 | S12: 10785.818 | T12: 10790.109 | U12: 10794.354 | V12: 10798.567 | W12: 10802.755 | X12: 10806.925 | Y12: 10809.583 | Z12: 10812.225 | AA12: 10814.854 | AB12: 10817.472 | AC12: 10820.072 | AD12: 10828.324 | AE12: 10836.562 | AF12: 10844.775 | AG12: 10852.975 | AH12: 10861.162 | AI12: 10868.209 | AJ12: 10875.236 | AK12: 10882.244
C13: DNK | D13: 546.4406 | E13: 550.7705 | F13: 555.27362 | G13: 559.77675 | H13: 564.27987 | I13: 568.783 | J13: 573.28613 | K13: 577.78925 | L13: 582.29238 | M13: 586.7955 | N13: 591.29863 | O13: 595.80175 | P13: 600.30488 | Q13: 604.808 | R13: 609.31113 | S13: 613.81425 | T13: 618.40535 | U13: 622.99646 | V13: 627.58756 | W13: 632.17867 | X13: 636.76977 | Y13: 641.36087 | Z13: 643.565 | AA13: 648.5305 | AB13: 649.40581 | AC13: 652.12237 | AD13: 653.33912 | AE13: 654.9015 | AF13: 656.40387 | AG13: 657.78231 | AH13: 659.593 | AI13: 664.62519 | AJ13: 666.02631 | AK13: 666.631
C14: ESP | D14: 14200.431 | E14: 14326.378 | F14: 14452.325 | G14: 14578.272 | H14: 14704.219 | I14: 14830.166 | J14: 14956.114 | K14: 15082.061 | L14: 15208.008 | M14: 15333.955 | N14: 15459.902 | O14: 15617.65 | P14: 15775.399 | Q14: 15933.147 | R14: 16090.895 | S14: 16248.644 | T14: 16406.392 | U14: 16516.326 | V14: 16626.261 | W14: 16736.196 | X14: 16900.454 | Y14: 17064.713 | Z14: 17228.971 | AA14: 17388.94 | AB14: 17548.909 | AC14: 17708.878 | AD14: 17797.578 | AE14: 17886.277 | AF14: 17974.977 | AG14: 18003.984 | AH14: 18032.991 | AI14: 18061.998 | AJ14: 18091.005 | AK14: 18120.012
C15: EST | D15: 2368.686 | E15: 2371.512 | F15: 2375.407 | G15: 2380.391 | H15: 2385.376 | I15: 2390.755 | J15: 2396.528 | K15: 2402.538 | L15: 2408.244 | M15: 2414.329 | N15: 2419.889 | O15: 2424.201 | P15: 2427.764 | Q15: 2431.552 | R15: 2434.821 | S15: 2437.857 | T15: 2440.476 | U15: 2442.684 | V15: 2444.164 | W15: 2445.124 | X15: 2445.877 | Y15: 2447.023 | Z15: 2448.218 | AA15: 2449.229 | AB15: 2449.911 | AC15: 2450.238 | AD15: 2450.242 | AE15: 2449.977 | AF15: 2450.315 | AG15: 2451.001 | AH15: 2452.02 | AI15: 2453.009 | AJ15: 2453.931 | AK15: 2454.152
C16: FIN | D16: 22108.644 | E16: 22115.154 | F16: 22120.336 | G16: 22122.665 | H16: 22124.978 | I16: 22126.139 | J16: 22126.404 | K16: 22123.704 | L16: 22120.612 | M16: 22114.673 | N16: 22105.77 | O16: 22093.177 | P16: 22078.83 | Q16: 22062.079 | R16: 22044.087 | S16: 22025.68 | T16: 22008.425 | U16: 21991.575 | V16: 21975.692 | W16: 21959.252 | X16: 21943.278 | Y16: 21928.208 | Z16: 21915.604 | AA16: 21904.489 | AB16: 21894.478 | AC16: 21886.747 | AD16: 21879.946 | AE16: 21873.307 | AF16: 21866.081 | AG16: 21860.085 | AH16: 21853.597 | AI16: 21847.304 | AJ16: 21840.691 | AK16: 21834.684
C17: FRA | D17: 23624.149 | E17: 23691.975 | F17: 23759.977 | G17: 23828.218 | H17: 23896.906 | I17: 23965.223 | J17: 24033.733 | K17: 24101.529 | L17: 24170.332 | M17: 24239.149 | N17: 24308.102 | O17: 24377.778 | P17: 24447.807 | Q17: 24517.774 | R17: 24588.003 | S17: 24658.539 | T17: 24728.848 | U17: 24792.548 | V17: 24856.31 | W17: 24921.011 | X17: 24984.639 | Y17: 25048.223 | Z17: 25111.388 | AA17: 25176.022 | AB17: 25241.213 | AC17: 25306.277 | AD17: 25372.093 | AE17: 25438.469 | AF17: 25505.586 | AG17: 25576.532 | AH17: 25647.366 | AI17: 25718.225 | AJ17: 25789.344 | AK17: 25860.262
... C32: Gesamtergebnis | D32: 171011 | E32: 171414.09 | F32: 171813.41 | G32: 172199.58 | H32: 172605.71 | I32: 173011.05 | J32: 173451.9 | K32: 173865.33 | L32: 174302.96 | M32: 174705.05 | N32: 175114.38 | O32: 175515.58 | P32: 175950.87 | Q32: 176372.66 | R32: 176800.41 | S32: 177204.84 | T32: 177549.5 | U32: 177880.01 | V32: 178164.01 | W32: 178441.42 | X32: 178786.63 | Y32: 179148.01 | Z32: 179501.48 | AA32: 179842.12 | AB32: 180163.3 | AC32: 180488.38 | AD32: 180840.73 | AE32: 181269.64 | AF32: 181658.06 | AG32: 181998.49 | AH32: 182324.45 | AI32: 182726.83 | AJ32: 183129.21 | AK32: 183493.38
C38: Summe von HWP in use from domestic harvest (kt C) | D38: Spaltenbeschriftungen
C39: Zeilenbeschriftungen | D39: 1990 | E39: 1991 | F39: 1992 | G39: 1993 | H39: 1994 | I39: 1995 | J39: 1996 | K39: 1997 | L39: 1998 | M39: 1999 | N39: 2000 | O39: 2001 | P39: 2002 | Q39: 2003 | R39: 2004 | S39: 2005 | T39: 2006 | U39: 2007 | V39: 2008 | W39: 2009 | X39: 2010 | Y39: 2011 | Z39: 2012 | AA39: 2013 | AB39: 2014 | AC39: 2015 | AD39: 2016 | AE39: 2017 | AF39: 2018 | AG39: 2019 | AH39: 2020 | AI39: 2021 | AJ39: 2022 | AK39: 2023
C40: AUT | D40: 2434.6331 | E40: 2192.7339 | F40: 2144.2568 | G40: 2115.4447 | H40: 2401.4302 | I40: 2431.8994 | J40: 2576.1843 | K40: 2532.8888 | L40: 2535.2699 | M40: 2367.8541 | N40: 2350.8866 | O40: 2583.1912 | P40: 2870.7109 | Q40: 3087.9703 | R40: 2928.8893 | S40: 2971.7204 | T40: 3113.1908 | U40: 3518.006 | V40: 3513.171 | W40: 2542.0164 | X40: 2900.9499 | Y40: 2987.883 | Z40: 2832.5211 | AA40: 2577.864 | AB40: 2629.0778 | AC40: 2588.2772 | AD40: 2544.3233 | AE40: 2697.8241 | AF40: 2777.1929 | AG40: 2650.8696 | AH40: 2266.1232 | AI40: 2743.8761 | AJ40: 2799.2129 | AK40: 2439.2184
C41: BEL | D41: 707660.53 | E41: 607999.59 | F41: 574435.9 | G41: 590775.57 | H41: 534910.4 | I41: 610101.87 | J41: 678755.25 | K41: 563270.97 | L41: 726042.08 | M41: 593641.99 | N41: 465194.47 | O41: 407163.32 | P41: 599092.42 | Q41: 573143.13 | R41: 538216.18 | S41: 563168.4 | T41: 562700 | U41: 485211.99 | V41: 471309.75 | W41: 428333.96 | X41: 356143.05 | Y41: 343204.85 | Z41: 338563.45 | AA41: 379575.97 | AB41: 392171.34 | AC41: 407206.85 | AD41: 402428.59 | AE41: 368027.13 | AF41: 366481.81 | AG41: 335151.27 | AH41: 332282.3 | AI41: 316510.54 | AJ41: 367347.27 | AK41: 311796.7
C42: BGR | D42: 451.87986 | E42: 417.03694 | F42: 209.59836 | G42: 179.68791 | H42: 184.53622 | I42: 191.9807 | J42: 220.47092 | K42: 238.97272 | L42: 216.20317 | M42: 275.6123 | N42: 348.65891 | O42: 370.78757 | P42: 411.45926 | Q42: 407.97076 | R42: 541.7899 | S42: 595.96875 | T42: 597.90055 | U42: 835.96569 | V42: 631.68311 | W42: 622.41152 | X42: 652.90107 | Y42: 748.75847 | Z42: 750.23387 | AA42: 733.75175 | AB42: 756.75754 | AC42: 845.82663 | AD42: 752.4708 | AE42: 831.20355 | AF42: 824.20126 | AG42: 788.03522 | AH42: 853.03895 | AI42: 865.71946 | AJ42: 827.33141 | AK42: 911.84214
C43: CHE | D43: 0 | E43: 0 | F43: 0 | G43: 0 | H43: 0 | I43: 0 | J43: 0 | K43: 0 | L43: 0 | M43: 0 | N43: 0 | O43: 0 | P43: 0 | Q43: 0 | R43: 0 | S43: 0 | T43: 0 | U43: 0 | V43: 0 | W43: 0 | X43: 0 | Y43: 0 | Z43: 0 | AA43: 0 | AB43: 0 | AC43: 0 | AD43: 0 | AE43: 0 | AF43: 0 | AG43: 0 | AH43: 0 | AI43: 0 | AJ43: 0 | AK43: 0
C44: CZE | D44: 1472.6176 | E44: 1105.6059 | F44: 783.78008 | G44: 1044.9773 | H44: 1073.1232 | I44: 1179.9399 | J44: 1161.018 | K44: 1179.1346 | L44: 1132.3679 | M44: 1170.5443 | N44: 1307.7642 | O44: 1302.0532 | P44: 1285.8458 | Q44: 1404.1169 | R44: 1438.0162 | S44: 1420.1712 | T44: 1705.7063 | U44: 1867.589 | V44: 1643.8999 | W44: 1370.1663 | X44: 1524.081 | Y44: 1345.1081 | Z44: 1267.5209 | AA44: 1099.3591 | AB44: 1072.6682 | AC44: 1174.0745 | AD44: 1267.6677 | AE44: 1346.4692 | AF44: 1461.3198 | AG44: 1584.4508 | AH44: 1874.3347 | AI44: 1788.3416 | AJ44: 1695.0364 | AK44: 1506.1559
C45: DEU | D45: 7114.3215 | E45: 6659.1367 | F45: 6857.3205 | G45: 6672.0535 | H45: 7673.2887 | I45: 7799.0742 | J45: 8090.6236 | K45: 8289.9201 | L45: 8639.2282 | M45: 8985.2097 | N45: 10067.122 | O45: 9971.7678 | P45: 10958.746 | Q45: 11410.562 | R45: 12682.802 | S45: 13871.262 | T45: 14054.668 | U45: 15335.568 | V45: 12937.726 | W45: 12350.546 | X45: 12395.262 | Y45: 12251.626 | Z45: 11843.481 | AA45: 11594.287 | AB45: 11727.473 | AC45: 11761.845 | AD45: 11710.214 | AE45: 11886.833 | AF45: 12521.579 | AG45: 12701.757 | AH45: 13190.013 | AI45: 13407.155 | AJ45: 12373.719 | AK45: 12371.871
C46: DNK | D46: 145.02104 | E46: 109.50607 | F46: 161.74843 | G46: 234.66788 | H46: 217.60276 | I46: 216.72923 | J46: 229.29324 | K46: 204.05639 | L46: 166.44842 | M46: 117.98411 | N46: 164.9458 | O46: 121.48854 | P46: 99.505869 | Q46: 102.12123 | R46: 95.518 | S46: 112.96627 | T46: 120.12433 | U46: 133.33673 | V46: 158.1964 | W46: 146.27957 | X46: 147.04216 | Y46: 168.71106 | Z46: 161.29377 | AA46: 167.12503 | AB46: 182.34197 | AC46: 190.23783 | AD46: 192.07783 | AE46: 190.06836 | AF46: 159.3275 | AG46: 170.39939 | AH46: 180.11634 | AI46: 163.91529 | AJ46: 175.86926 | AK46: 180.63831
C47: ESP | D47: 1975582.7 | E47: 2018226.5 | F47: 1708134.9 | G47: 1866500.6 | H47: 1923568.8 | I47: 2031837 | J47: 2016007.5 | K47: 1962762.5 | L47: 1809526.1 | M47: 2264935.4 | N47: 2434354.1 | O47: 2544883.7 | P47: 2642199.7 | Q47: 2687140.2 | R47: 2750312.6 | S47: 2661540.8 | T47: 2877469.8 | U47: 2632602.4 | V47: 2514998.3 | W47: 2019894.9 | X47: 1993501.6 | Y47: 1944984.1 | Z47: 1877314.8 | AA47: 1864058.6 | AB47: 2080880.5 | AC47: 2373623.5 | AD47: 2367699 | AE47: 2620220.2 | AF47: 2696693.9 | AG47: 2542202.6 | AH47: 2489006.2 | AI47: 2675528.6 | AJ47: 2780554.2 | AK47: 2780554.2
C48: EST | D48: 184.15402 | E48: 148.23175 | F48: 112.30947 | G48: 124.85033 | H48: 135.75525 | I48: 148.70835 | J48: 182.17374 | K48: 255.56088 | L48: 263.41144 | M48: 331.17695 | N48: 412.16661 | O48: 462.91007 | P48: 485.39094 | Q48: 477.47893 | R48: 406.12761 | S48: 351.04993 | T48: 360.74341 | U48: 322.00569 | V48: 355.37205 | W48: 361.16606 | X48: 466.28049 | Y48: 470.19861 | Z48: 434.02907 | AA48: 450.24643 | AB48: 478.21849 | AC48: 527.21937 | AD48: 559.3473 | AE48: 579.62263 | AF48: 597.71472 | AG48: 569.70841 | AH48: 563.7529 | AI48: 569.94913 | AJ48: 499.49542 | AK48: 465.22437
C49: FIN | D49: 5353.914 | E49: 4884.26 | F49: 4995.434 | G49: 5686.788 | H49: 6236.111 | I49: 6216.394 | J49: 6086.438 | K49: 6950.088 | L49: 7118.774 | M49: 7204.188 | N49: 7365.48 | O49: 6756.345 | P49: 6845.104 | Q49: 7015.002 | R49: 7158.265 | S49: 6187.257 | T49: 6939.363 | U49: 7288.176 | V49: 6281.302 | W49: 5213.534 | X49: 6174.272 | Y49: 6182.985 | Z49: 6044.601 | AA49: 6218.173 | AB49: 6399.641 | AC49: 6391.929 | AD49: 6693.275 | AE49: 6971.046 | AF49: 7107.226 | AG49: 6867.822 | AH49: 6260.379 | AI49: 6889.547 | AJ49: 6815.761 | AK49: 6357.943
C50: FRA | D50: 4507201.7 | E50: 4472838.1 | F50: 3962797.4 | G50: 3637909.2 | H50: 3913715.8 | I50: 4054708.9 | J50: 3919711.9 | K50: 4115026 | L50: 4308831.5 | M50: 4384006.9 | N50: 4601663 | O50: 4556581.1 | P50: 4251727.3 | Q50: 4225223.9 | R50: 4422663.9 | S50: 4638280.3 | T50: 4720348.5 | U50: 4885443.9 | V50: 4552774.7 | W50: 3955247.5 | X50: 4464697.8 | Y50: 4578288.3 | Z50: 4407569.9 | AA50: 4266445.5 | AB50: 4201185 | AC50: 4040693.8 | AD50: 3933458.8 | AE50: 3934361.3 | AF50: 3896284.3 | AG50: 3788063 | AH50: 3404609.1 | AI50: 4067050.8 | AJ50: 3929278.4 | AK50: 3721843.7
... C65: Gesamtergebnis | D65: 18211904 | E65: 17957502 | F65: 16826135 | G65: 17347810 | H65: 17938139 | I65: 18491038 | J65: 18473144 | K65: 19011328 | L65: 19358023 | M65: 20083161 | N65: 21044357 | O65: 20692772 | P65: 21264698 | Q65: 21889317 | R65: 22714442 | S65: 24046904 | T65: 25114907 | U65: 25563616 | V65: 24887015 | W65: 23448239 | X65: 24097001 | Y65: 24271126 | Z65: 24102431 | AA65: 23944193 | AB65: 24924948 | AC65: 25522151 | AD65: 25974752 | AE65: 26067218 | AF65: 26111265 | AG65: 26172723 | AH65: 26183234 | AI65: 27444241 | AJ65: 27445769 | AK65: 26649794
C71: Summe von LivinBMLosses(tC/ha) | D71: Spaltenbeschriftungen
C72: Zeilenbeschriftungen | D72: 1990 | E72: 1991 | F72: 1992 | G72: 1993 | H72: 1994 | I72: 1995 | J72: 1996 | K72: 1997 | L72: 1998 | M72: 1999 | N72: 2000 | O72: 2001 | P72: 2002 | Q72: 2003 | R72: 2004 | S72: 2005 | T72: 2006 | U72: 2007 | V72: 2008 | W72: 2009 | X72: 2010 | Y72: 2011 | Z72: 2012 | AA72: 2013 | AB72: 2014 | AC72: 2015 | AD72: 2016 | AE72: 2017 | AF72: 2018 | AG72: 2019 | AH72: 2020 | AI72: 2021 | AJ72: 2022 | AK72: 2023
C73: AUT | D73: -1.7922731 | E73: -1.3099534 | F73: -1.3968798 | G73: -1.3895769 | H73: -1.6189167 | I73: -1.4580083 | J73: -1.5754655 | K73: -1.5458976 | L73: -1.4717079 | M73: -1.4742852 | N73: -1.3872888 | O73: -1.4062833 | P73: -1.6986822 | Q73: -1.9365519 | R73: -1.8759044 | S73: -1.8726163 | T73: -2.1681783 | U73: -2.3963373 | V73: -2.4534967 | W73: -1.9190792 | X73: -2.0341847 | Y73: -2.1465945 | Z73: -2.0767642 | AA73: -2.0021182 | AB73: -1.9773133 | AC73: -2.0520409 | AD73: -1.9610585 | AE73: -2.0641915 | AF73: -2.2391827 | AG73: -2.4641097 | AH73: -2.1971674 | AI73: -2.3933134 | AJ73: -2.5275666 | AK73: -2.4850611
C74: BEL | D74: -0.0019923701 | E74: -0.0019931996 | F74: -0.0019945874 | G74: -0.0019951227 | H74: -0.0019953536 | I74: -0.0019953289 | J74: -0.0019953158 | K74: -0.0019958553 | L74: -0.0019973653 | M74: -0.0019970112 | N74: -0.0019960865 | O74: -0.0019954466 | P74: -0.0019954771 | Q74: -0.0019952451 | R74: -0.0019948053 | S74: -0.0019928798 | T74: -0.0019914722 | U74: -0.0019910504 | V74: -0.0019915021 | W74: -0.001991312 | X74: -0.0080128432 | Y74: -0.0080055807 | Z74: -0.0079981105 | AA74: -0.0079981031 | AB74: -0.0079984938 | AC74: -0.0079982823 | AD74: -0.0079953358 | AE74: -0.0079917411 | AF74: -0.0079881735 | AG74: -0.0079846091 | AH74: -0.0079810479 | AI74: -0.0079774898 | AJ74: -0.007973935 | AK74: -0.0079703832
C75: BGR | D75: -0.0067295732 | E75: -0.0068954071 | F75: -0.00705605 | G75: -0.0066142764 | H75: -0.0066274644 | I75: -0.0064225161 | J75: -0.0063987579 | K75: -0.0063547161 | L75: -0.0064274788 | M75: -0.0066140062 | N75: -0.006526225 | O75: -0.0063493375 | P75: -0.0064902906 | Q75: -0.0064060936 | R75: -0.0063989423 | S75: -0.0065892089 | T75: -0.0064931498 | U75: -0.0067189312 | V75: -0.0076855027 | W75: -0.0062961976 | X75: -0.0066661969 | Y75: -0.0063211609 | Z75: -0.0065357881 | AA75: -0.0069515591 | AB75: -0.0063522455 | AC75: -0.0071811882 | AD75: -0.0069483104 | AE75: -0.006998195 | AF75: -0.0063327862 | AG75: -0.0073038588 | AH75: -0.0065009121 | AI75: -0.0036484946 | AJ75: -0.010827327 | AK75: -0.01943685
C76: CHE | D76: -2.5217383 | E76: -1.9588196 | F76: -1.9445646 | G76: -1.9082518 | H76: -1.9917938 | I76: -2.0217374 | J76: -2.0346716 | K76: -2.1667945 | L76: -2.339046 | M76: -2.292453 | N76: -3.8348121 | O76: -2.5810936 | P76: -2.1949486 | Q76: -2.3834392 | R76: -2.3981707 | S76: -2.461848 | T76: -2.6838562 | U76: -2.6794991 | V76: -2.5171648 | W76: -2.3697565 | X76: -2.4658463 | Y76: -2.445395 | Z76: -2.2831681 | AA76: -2.3305665 | AB76: -2.3819347 | AC76: -2.2415416 | AD76: -2.2048297 | AE76: -2.2902356 | AF76: -2.6477631 | AG76: -2.4362463 | AH76: -2.4930441 | AI76: -2.5710227 | AJ76: -2.6502785 | AK76: -2.5493867
C77: CZE | D77: -1.7966858 | E77: -1.4623637 | F77: -1.3608743 | G77: -1.3636478 | H77: -1.5849969 | I77: -1.6692405 | J77: -1.6942196 | K77: -1.8431343 | L77: -1.8682184 | M77: -1.9028276 | N77: -1.9381952 | O77: -1.9196976 | P77: -1.924357 | Q77: -1.9868409 | R77: -2.0446289 | S77: -2.0262071 | T77: -2.3051708 | U77: -2.393384 | V77: -2.0975294 | W77: -2.0068069 | X77: -2.1646317 | Y77: -1.9609467 | Z77: -1.940077 | AA77: -1.9686338 | AB77: -1.9790769 | AC77: -2.0566308 | AD77: -2.2204902 | AE77: -2.4303312 | AF77: -3.198429 | AG77: -4.014791 | AH77: -4.3640583 | AI77: -3.7079641 | AJ77: -3.1230057 | AK77: -2.3331286
C78: DEU | D78: -0.027627629 | E78: -0.027232988 | F78: -0.027353505 | G78: -0.027678426 | H78: -0.027471552 | I78: -0.027717922 | J78: -0.027636599 | K78: -0.027627842 | L78: -0.027577059 | M78: -0.027412789 | N78: -0.027564783 | O78: -0.028800486 | P78: -0.028951533 | Q78: -0.028543968 | R78: -0.028957211 | S78: -0.029048909 | T78: -0.024015435 | U78: -0.024632555 | V78: -0.025498328 | W78: -0.027017881 | X78: -0.028301682 | Y78: -0.019862494 | Z78: -0.021526881 | AA78: -0.022827364 | AB78: -0.023482033 | AC78: -0.024558002 | AD78: -0.044316765 | AE78: -0.045795536 | AF78: -0.84437364 | AG78: -0.82091575 | AH78: -0.91250768 | AI78: -0.83279995 | AJ78: -0.80160076 | AK78: -0.66469133
C79: DNK | D79: -0.055075459 | E79: -0.032397663 | F79: -0.032122403 | G79: -0.031851571 | H79: -0.03073584 | I79: -0.028630576 | J79: -0.028405684 | K79: -0.028184298 | L79: -0.027966337 | M79: -0.02775172 | N79: -0.027708094 | O79: -0.027498674 | P79: -0.027292396 | Q79: -0.027089189 | R79: -0.026888986 | S79: -0.027776653 | T79: -0.037554889 | U79: -0.046089399 | V79: -0.05449904 | W79: -0.062786534 | X79: -0.069908701 | Y79: -0.069408268 | Z79: -0.07698972 | AA79: -0.064697527 | AB79: -0.060321722 | AC79: -0.072409911 | AD79: -0.067554891 | AE79: -0.064176943 | AF79: -0.066366556 | AG79: -0.061557652 | AH79: -0.070696969 | AI79: -0.080329454 | AJ79: -0.066514078 | AK79: -0.072552399
C80: ESP | D80: 0 | E80: 0 | F80: 0 | G80: 0 | H80: 0 | I80: 0 | J80: 0 | K80: 0 | L80: 0 | M80: 0 | N80: 0 | O80: 0 | P80: 0 | Q80: 0 | R80: 0 | S80: 0 | T80: 0 | U80: 0 | V80: 0 | W80: 0 | X80: 0 | Y80: 0 | Z80: 0 | AA80: 0 | AB80: 0 | AC80: 0 | AD80: 0 | AE80: 0 | AF80: 0 | AG80: 0 | AH80: 0 | AI80: 0 | AJ80: 0 | AK80: 0
C81: EST | D81: -0.081362895 | E81: -0.1024745 | F81: -0.12900614 | G81: -0.16233321 | H81: -0.20427071 | I81: -0.2570012 | J81: -0.32329202 | K81: -0.40664411 | L81: -0.51155406 | M81: -0.64343226 | N81: -0.80948929 | O81: -1.018932 | P81: -1.2829644 | Q81: -1.0558092 | R81: -0.97605829 | S81: -0.76736553 | T81: -0.63133164 | U81: -0.52428183 | V81: -0.52460407 | W81: -0.52300725 | X81: -0.71749348 | Y81: -1.0199468 | Z81: -1.1108067 | AA81: -1.2000705 | AB81: -1.185459 | AC81: -1.2080666 | AD81: -1.24918 | AE81: -1.2982933 | AF81: -1.4585328 | AG81: -1.427763 | AH81: -1.2015153 | AI81: -1.168428 | AJ81: -1.0830496 | AK81: -1.2729627
C82: FIN | D82: -0.91960326 | E82: -0.7492315 | F82: -0.84767659 | G82: -0.89209826 | H82: -1.0166741 | I82: -1.0478822 | J82: -0.96905055 | K82: -1.0843434 | L82: -1.1364824 | M82: -1.1531267 | N82: -1.1809575 | O82: -1.1495575 | P82: -1.1643164 | Q82: -1.1783677 | R82: -1.1788314 | S82: -1.141649 | T82: -1.1117061 | U82: -1.237016 | V82: -1.1582088 | W82: -0.9775297 | X82: -1.1753721 | Y82: -1.1862963 | Z82: -1.1718145 | AA82: -1.2731081 | AB82: -1.2699759 | AC82: -1.3172222 | AD82: -1.3541554 | AE82: -1.3826773 | AF82: -1.4752013 | AG82: -1.3820502 | AH82: -1.3117977 | AI82: -1.4443195 | AJ82: -1.4239193 | AK82: -1.3818444
C83: FRA | D83: -1.0470265 | E83: -1.1108512 | F83: -1.1203525 | G83: -1.0804003 | H83: -1.0893942 | I83: -1.0805532 | J83: -1.0167951 | K83: -1.0347127 | L83: -1.03478 | M83: -1.757171 | N83: -1.1653973 | O83: -1.0492147 | P83: -0.95145979 | Q83: -0.91387321 | R83: -0.92366947 | S83: -0.92852041 | T83: -0.92702206 | U83: -0.93258314 | V83: -0.90547734 | W83: -1.1830586 | X83: -0.98797888 | Y83: -0.96290561 | Z83: -0.92200575 | AA83: -0.91157725 | AB83: -0.96039596 | AC83: -0.98462823 | AD83: -1.046775 | AE83: -1.1285726 | AF83: -1.1949548 | AG83: -1.2445974 | AH83: -1.2475033 | AI83: -1.2983408 | AJ83: -1.2719802 | AK83: -1.2484897
... C98: Gesamtergebnis | D98: -23.014258 | E98: -20.498761 | F98: -20.818542 | G98: -20.966677 | H98: -21.95899 | I98: -22.188267 | J98: -22.826035 | K98: -23.443084 | L98: -24.144841 | M98: -25.545539 | N98: -27.125434 | O98: -25.524785 | P98: -25.866607 | Q98: -26.542901 | R98: -26.310307 | S98: -26.986444 | T98: -26.998818 | U98: -28.370497 | V98: -26.958943 | W98: -26.947873 | X98: -28.250924 | Y98: -28.730876 | Z98: -28.383595 | AA98: -28.228563 | AB98: -29.675838 | AC98: -29.663229 | AD98: -30.133748 | AE98: -31.932255 | AF98: -34.103267 | AG98: -34.566043 | AH98: -33.927421 | AI98: -34.260863 | AJ98: -33.761897 | AK98: -32.362441
C104: Summe von LivingBMLosses(ktC) | D104: Spaltenbeschriftungen
C105: Zeilenbeschriftungen | D105: 1990 | E105: 1991 | F105: 1992 | G105: 1993 | H105: 1994 | I105: 1995 | J105: 1996 | K105: 1997 | L105: 1998 | M105: 1999 | N105: 2000 | O105: 2001 | P105: 2002 | Q105: 2003 | R105: 2004 | S105: 2005 | T105: 2006 | U105: 2007 | V105: 2008 | W105: 2009 | X105: 2010 | Y105: 2011 | Z105: 2012 | AA105: 2013 | AB105: 2014 | AC105: 2015 | AD105: 2016 | AE105: 2017 | AF105: 2018 | AG105: 2019 | AH105: 2020 | AI105: 2021 | AJ105: 2022 | AK105: 2023
C106: AUT | D106: -6976.4549 | E106: -5109.0566 | F106: -5458.791 | G106: -5440.9023 | H106: -6351.2919 | I106: -5727.7128 | J106: -6197.4497 | K106: -6089.2939 | L106: -5804.8254 | M106: -5822.7692 | N106: -5486.4917 | O106: -5569.0313 | P106: -6734.1939 | Q106: -7685.4409 | R106: -7452.7407 | S106: -7447.65 | T106: -8632.3709 | U106: -9550.964 | V106: -9789.2274 | W106: -7661.3277 | X106: -8125.4908 | Y106: -8579.4052 | Z106: -8305.048 | AA106: -8011.1029 | AB106: -7916.3611 | AC106: -8220.2211 | AD106: -7860.2299 | AE106: -8278.3118 | AF106: -8985.2107 | AG106: -9893.4006 | AH106: -8826.6391 | AI106: -9620.072 | AJ106: -10165.476 | AK106: -10000.194
C107: BEL | D107: -1.4117948 | E107: -1.4130476 | F107: -1.4146968 | G107: -1.4157421 | H107: -1.4165717 | I107: -1.4172198 | J107: -1.4178762 | K107: -1.4189397 | L107: -1.4206939 | M107: -1.4211225 | N107: -1.4211447 | O107: -1.4213691 | P107: -1.4220708 | Q107: -1.4225854 | R107: -1.4229516 | S107: -1.4222074 | T107: -1.4218317 | U107: -1.4221593 | V107: -1.4231108 | W107: -1.4236535 | X107: -5.7338856 | Y107: -5.7339278 | Z107: -5.7338117 | AA107: -5.7336979 | AB107: -5.7338695 | AC107: -5.7336093 | AD107: -5.7340591 | AE107: -5.734042 | AF107: -5.734042 | AG107: -5.734042 | AH107: -5.734042 | AI107: -5.734042 | AJ107: -5.734042 | AK107: -5.734042
C108: BGR | D108: -25.634676 | E108: -26.295097 | F108: -26.937083 | G108: -25.278121 | H108: -25.356123 | I108: -24.598757 | J108: -24.53441 | K108: -24.392008 | L108: -24.69807 | M108: -25.442362 | N108: -25.13187 | O108: -24.477136 | P108: -25.047551 | Q108: -24.749294 | R108: -24.748316 | S108: -25.511626 | T108: -25.166754 | U108: -26.069841 | V108: -29.852202 | W108: -24.482054 | X108: -25.948518 | Y108: -24.622241 | Z108: -25.475623 | AA108: -27.114712 | AB108: -24.793952 | AC108: -28.048543 | AD108: -27.157421 | AE108: -27.370987 | AF108: -24.785299 | AG108: -28.605294 | AH108: -25.477854 | AI108: -14.304394 | AJ108: -42.500601 | AK108: -76.453977
C109: CHE | D109: -3063.8615 | E109: -2384.3634 | F109: -2371.5055 | G109: -2331.3513 | H109: -2437.1708 | I109: -2477.4694 | J109: -2496.481 | K109: -2661.9352 | L109: -2876.1588 | M109: -2821.6773 | N109: -4724.0283 | O109: -3183.2989 | P109: -2709.269 | Q109: -2945.1849 | R109: -2966.1727 | S109: -3048.1027 | T109: -3326.1057 | U109: -3324.1304 | V109: -3126.8624 | W109: -2948.2093 | X109: -3072.5802 | Y109: -3051.7771 | Z109: -2854.0765 | AA109: -2917.5523 | AB109: -2986.3792 | AC109: -2815.3449 | AD109: -2774.1696 | AE109: -2886.3725 | AF109: -3342.3243 | AG109: -3080.1291 | AH109: -3155.5931 | AI109: -3257.9511 | AJ109: -3362.1168 | AK109: -3237.7262
C110: CZE | D110: -4724.3548 | E110: -3844.9856 | F110: -3577.8406 | G110: -3584.5241 | H110: -4167.7518 | I110: -4390.3166 | J110: -4457.4797 | K110: -4850.7674 | L110: -4920.5491 | M110: -5012.9453 | N110: -5111.5823 | O110: -5066.3885 | P110: -5086.1845 | Q110: -5253.5453 | R110: -5409.5567 | S110: -5364.2177 | T110: -6106.7417 | U110: -6345.3641 | V110: -5564.8187 | W110: -5328.4966 | X110: -5752.2401 | Y110: -5215.8013 | Z110: -5164.27 | AA110: -5243.91 | AB110: -5276.964 | AC110: -5487.8975 | AD110: -5928.3751 | AE110: -6493.0151 | AF110: -8550.6535 | AG110: -10742.255 | AH110: -11684.02 | AI110: -9932.9096 | AJ110: -8370.817 | AK110: -6256.8995
C111: DEU | D111: -294.87154 | E111: -290.94526 | F111: -292.51961 | G111: -296.28432 | H111: -294.35746 | I111: -297.28738 | J111: -296.70435 | K111: -296.89926 | L111: -296.64174 | M111: -295.16099 | N111: -297.08535 | O111: -310.45121 | P111: -312.12671 | Q111: -307.77882 | R111: -312.28116 | S111: -313.31624 | T111: -259.12916 | U111: -265.89252 | V111: -275.3454 | W111: -291.86754 | X111: -305.85415 | Y111: -214.70527 | Z111: -232.75348 | AA111: -246.87461 | AB111: -254.01623 | AC111: -265.71935 | AD111: -479.87629 | AE111: -496.26616 | AF111: -9157.0421 | AG111: -8909.3782 | AH111: -9910.8937 | AI111: -9051.0439 | AJ111: -8717.5975 | AK111: -7233.3332
C112: DNK | D112: -30.095467 | E112: -17.843677 | F112: -17.836723 | G112: -17.829769 | H112: -17.343616 | I112: -16.284585 | J112: -16.284585 | K112: -16.284585 | L112: -16.284585 | M112: -16.284585 | N112: -16.383758 | O112: -16.383758 | P112: -16.383758 | Q112: -16.383758 | R112: -16.383758 | S112: -17.049705 | T112: -23.224145 | U112: -28.713532 | V112: -34.20292 | W112: -39.692307 | X112: -44.515748 | Y112: -44.515748 | Z112: -49.547889 | AA112: -41.958319 | AB112: -39.173277 | AC112: -47.220123 | AD112: -44.136253 | AE112: -42.029576 | AF112: -43.563264 | AG112: -40.491535 | AH112: -46.631226 | AI112: -53.388979 | AJ112: -44.300126 | AK112: -48.365678
C113: ESP | D113: 0 | E113: 0 | F113: 0 | G113: 0 | H113: 0 | I113: 0 | J113: 0 | K113: 0 | L113: 0 | M113: 0 | N113: 0 | O113: 0 | P113: 0 | Q113: 0 | R113: 0 | S113: 0 | T113: 0 | U113: 0 | V113: 0 | W113: 0 | X113: 0 | Y113: 0 | Z113: 0 | AA113: 0 | AB113: 0 | AC113: 0 | AD113: 0 | AE113: 0 | AF113: 0 | AG113: 0 | AH113: 0 | AI113: 0 | AJ113: 0 | AK113: 0
C114: EST | D114: -192.72315 | E114: -243.01952 | F114: -306.44209 | G114: -386.41652 | H114: -487.26246 | I114: -614.4269 | J114: -774.77837 | K114: -976.97793 | L114: -1231.947 | M114: -1553.4572 | N114: -1958.8742 | O114: -2470.0959 | P114: -3114.7349 | Q114: -2567.255 | R114: -2376.5272 | S114: -1870.7274 | T114: -1540.7497 | U114: -1280.6548 | V114: -1282.2184 | W114: -1278.8176 | X114: -1754.9008 | Y114: -2495.8332 | Z114: -2719.4969 | AA114: -2939.2476 | AB114: -2904.2691 | AC114: -2960.0507 | AD114: -3060.7933 | AE114: -3180.7887 | AF114: -3573.8648 | AG114: -3499.4486 | AH114: -2946.1394 | AI114: -2866.1644 | AJ114: -2657.7289 | AK114: -3124.0439
C115: FIN | D115: -20331.181 | E115: -16569.37 | F115: -18750.891 | G115: -19735.591 | H115: -22493.893 | I115: -23185.588 | J115: -21441.604 | K115: -23989.692 | L115: -25139.687 | M115: -25501.02 | N115: -26105.975 | O115: -25397.377 | P115: -25706.743 | Q115: -25997.241 | R115: -25986.261 | S115: -25145.595 | T115: -24466.9 | U115: -27203.93 | V115: -25452.439 | W115: -21465.821 | X115: -25791.516 | Y115: -26013.352 | Z115: -25681.023 | AA115: -27886.782 | AB115: -27805.459 | AC115: -28829.709 | AD115: -29628.847 | AE115: -30243.724 | AF115: -32256.872 | AG115: -30211.734 | AH115: -28667.498 | AI115: -31554.488 | AJ115: -31099.381 | AK115: -30172.135
C116: FRA | D116: -24735.109 | E116: -26318.26 | F116: -26619.548 | G116: -25744.015 | H116: -26033.15 | I116: -25895.697 | J116: -24437.383 | K116: -24938.157 | L116: -25010.976 | M116: -42592.331 | N116: -28328.597 | O116: -25577.522 | P116: -23261.105 | Q116: -22406.137 | R116: -22711.188 | S116: -22895.956 | T116: -22924.187 | U116: -23121.113 | V116: -22506.825 | W116: -29483.018 | X116: -24684.295 | Y116: -24119.075 | Z116: -23152.844 | AA116: -22949.889 | AB116: -24241.559 | AC116: -24917.274 | AD116: -26558.874 | AE116: -28709.159 | AF116: -30478.023 | AG116: -31832.486 | AH116: -31995.173 | AI116: -33391.02 | AJ116: -32803.536 | AK116: -32286.27
... C131: Gesamtergebnis | D131: -112528.85 | E131: -102407.65 | F131: -105333.63 | G131: -108192.43 | H131: -112089.17 | I131: -112050.89 | J131: -112360.76 | K131: -118468.85 | L131: -120644.89 | M131: -139142.46 | N131: -129558.77 | O131: -122123.66 | P131: -122228.89 | Q131: -125918.16 | R131: -125815.43 | S131: -125502.45 | T131: -127030.92 | U131: -136191.76 | V131: -127547.77 | W131: -129808.48 | X131: -131785.8 | Y131: -134333.07 | Z131: -133911.8 | AA131: -133910.7 | AB131: -137435.7 | AC131: -140362.82 | AD131: -144299.63 | AE131: -153409.17 | AF131: -166504.8 | AG131: -170005.33 | AH131: -167913.74 | AI131: -173084.29 | AJ131: -171920.54 | AK131: -162318.63

Sheet Table4.A FL
A1: country | B1: Year | C1: TotalArea(kha) | D1: MineralSoil(kha) | E1: OrganicSoil(kha) | F1: LivingBMGains(tC/ha) | G1: LivinBMLosses(tC/ha) | H1: LivingBMNetChange(tC/ha) | I1: DeadWoodNetChange(tC/ha) | J1: LitterNetChange(tC/ha) | K1: MineralSoilsNetChange(tC/ha) | L1: OrganicSoilsNetChange(tC/ha) | M1: LivingBMGains(ktC) | N1: LivingBMLosses(ktC) | O1: LivingBMNetChange(ktC) | P1: DeadwoodNetChange(ktC) | Q1: LitterNetChange(ktC) | R1: MineralSoilsNetChange(ktC) | S1: OrganicSoilsNetChange(ktC) | T1: NetCO2(ktCO2)
A2: AUT | B2: 1990 | C2: 3892.5179 | D2: 3850.9469 | E2: 41.571 | F2: 2.5654097 | G2: -1.7922731 | H2: 0.77313666 | I2: 0.017979689 | J2: 0.083187055 | K2: 0.093983565 | L2: NaN | M2: 9985.9031 | N2: -6976.4549 | O2: 3009.4483 | P2: 69.986262 | Q2: 323.8071 | R2: 361.92572 | S2: NaN | T2: -13805.614
A3: AUT | B3: 1991 | C3: 3900.1819 | D3: 3858.6109 | E3: 41.571 | F3: 2.4504963 | G3: -1.3099534 | H3: 1.1405429 | I3: 0.018069548 | J3: 0.086044741 | K3: 0.16624266 | L3: NaN | M3: 9557.3815 | N3: -5109.0566 | O3: 4448.3249 | P3: 70.474525 | Q3: 335.59014 | R3: 641.46573 | S3: NaN | T3: -20151.469
A4: AUT | B4: 1992 | C4: 3907.846 | D4: 3866.275 | E4: 41.571 | F4: 2.2925881 | G4: -1.3968798 | H4: 0.89570827 | I4: 0.018113975 | J4: 0.088891219 | K4: 0.03471962 | L4: NaN | M4: 8959.081 | N4: -5458.791 | O4: 3500.2899 | P4: 70.786626 | Q4: 347.37319 | R4: 134.2356 | S4: NaN | T4: -14859.846
A5: AUT | B5: 1993 | C5: 3915.51 | D5: 3873.939 | E5: 41.571 | F5: 2.2731188 | G5: -1.3895769 | H5: 0.88354185 | I5: 0.018118512 | J5: 0.091726553 | K5: 0.20803516 | L5: NaN | M5: 8900.4193 | N5: -5440.9023 | O5: 3459.517 | P5: 70.943216 | Q5: 359.15624 | R5: 805.91553 | S5: NaN | T5: -17216.95
A6: AUT | B6: 1994 | C6: 3923.1741 | D6: 3881.6031 | E6: 41.571 | F6: 2.4269782 | G6: -1.6189167 | H6: 0.80806153 | I6: 0.018176417 | J6: 0.087846174 | K6: 0.042287786 | L6: NaN | M6: 9521.458 | N6: -6351.2919 | O6: 3170.166 | P6: 71.309249 | Q6: 344.63583 | R6: 164.1444 | S6: NaN | T6: -13750.937
A7: AUT | B7: 1995 | C7: 3928.4501 | D7: 3886.8791 | E7: 41.571 | F7: 2.4250504 | G7: -1.4580083 | H7: 0.96704215 | I7: 0.044755632 | J7: 0.082828306 | K7: 0.20482557 | L7: NaN | M7: 9526.6896 | N7: -5727.7128 | O7: 3798.9768 | P7: 175.82027 | Q7: 325.38687 | R7: 796.13223 | S7: NaN | T7: -18686.493
A8: AUT | B8: 1996 | C8: 3933.7261 | D8: 3892.1551 | E8: 41.571 | F8: 2.2180108 | G8: -1.5754655 | H8: 0.64254534 | I8: 0.044817513 | J8: 0.077823899 | K8: 0.26602704 | L8: NaN | M8: 8725.0471 | N8: -6197.4497 | O8: 2527.5974 | P8: 176.29982 | Q8: 306.1379 | R8: 1035.4185 | S8: NaN | T8: -14833.33
A9: AUT | B9: 1997 | C9: 3939.0021 | D9: 3897.4311 | E9: 41.571 | F9: 2.807968 | G9: -1.5458976 | H9: 1.2620704 | I9: 0.044756547 | J9: 0.072832897 | K9: 0.17702399 | L9: NaN | M9: 11060.592 | N9: -6089.2939 | O9: 4971.298 | P9: 176.29613 | Q9: 286.88894 | R9: 689.9388 | S9: NaN | T9: -22456.214
A10: AUT | B10: 1998 | C10: 3944.2782 | D10: 3902.7072 | E10: 41.571 | F10: 2.6739364 | G10: -1.4717079 | H10: 1.2022285 | I10: 0.044765654 | J10: 0.067855248 | K10: 0.12706094 | L10: NaN | M10: 10546.749 | N10: -5804.8254 | O10: 4741.9237 | P10: 176.56819 | Q10: 267.63997 | R10: 495.88165 | S10: NaN | T10: -20834.05
A11: AUT | B11: 1999 | C11: 3949.5542 | D11: 3907.9832 | E11: 41.571 | F11: 2.8129846 | G11: -1.4742852 | H11: 1.3386994 | I11: 0.04487526 | J11: 0.06606046 | K11: 0.12626607 | L11: NaN | M11: 11110.035 | N11: -5822.7692 | O11: 5287.266 | P11: 177.23727 | Q11: 260.90937 | R11: 493.44569 | S11: NaN | T11: -22802.48
A12: AUT | B12: 2000 | C12: 3954.8302 | D12: 3913.2592 | E12: 41.571 | F12: 2.5454433 | G12: -1.3872888 | H12: 1.1581545 | I12: 0.044923608 | J12: 0.064270461 | K12: 0.037430997 | L12: NaN | M12: 10066.796 | N12: -5486.4917 | O12: 4580.3044 | P12: 177.66524 | Q12: 254.17876 | R12: 146.47719 | S12: NaN | T12: -18914.961
A13: AUT | B13: 2001 | C13: 3960.1062 | D13: 3918.5352 | E13: 41.571 | F13: 2.6894533 | G13: -1.4062833 | H13: 1.28317 | I13: 0.044949496 | J13: 0.062485231 | K13: 0.29304426 | L13: NaN | M13: 10650.521 | N13: -5569.0313 | O13: 5081.4895 | P13: 178.00478 | Q13: 247.44815 | R13: 1148.3042 | S13: NaN | T13: -24402.571
... A35: AUT | B35: 2023 | C35: 4024.1242 | D35: 3982.5532 | E35: 41.571 | F35: 2.275136 | G35: -2.4850611 | H35: -0.20992502 | I35: 0.06698854 | J35: 0.038332496 | K35: -0.24621374 | L35: NaN | M35: 9155.43 | N35: -10000.194 | O35: -844.76437 | P35: 269.5702 | Q35: 154.25473 | R35: -980.55933 | S35: NaN | T35: 5138.8288
A36: BEL | B36: 1990 | C36: 708.60066 | D36: 708.60066 | E36: NaN | F36: 0.73469273 | G36: -0.0019923701 | H36: 0.73270036 | I36: 3.0877843e-05 | J36: 0.00012286131 | K36: 0.00073529377 | L36: NaN | M36: 520.60376 | N36: -1.4117948 | O36: 519.19196 | P36: 0.02188006 | Q36: 0.087059608 | R36: 0.52102965 | S36: NaN | T36: -1906.0138
A37: BEL | B37: 1991 | C37: 708.93429 | D37: 708.93429 | E37: NaN | F37: 0.73419533 | G37: -0.0019931996 | H37: 0.73220213 | I37: 6.1726624e-05 | J37: 0.00024560699 | K37: 0.0014626022 | L37: NaN | M37: 520.49624 | N37: -1.4130476 | O37: 519.08319 | P37: 0.043760121 | Q37: 0.17411922 | R37: 1.0368888 | S37: NaN | T37: -1907.9059
A38: BEL | B38: 1992 | C38: 709.26792 | D38: 709.26792 | E38: NaN | F38: 0.73369624 | G38: -0.0019945874 | H38: 0.73170165 | I38: 9.2546384e-05 | J38: 0.00036823719 | K38: 0.0021819366 | L38: NaN | M38: 520.3872 | N38: -1.4146968 | O38: 518.97251 | P38: 0.065640181 | Q38: 0.26117882 | R38: 1.5475776 | S38: NaN | T38: -1909.772
A39: BEL | B39: 1993 | C39: 709.60154 | D39: 709.60154 | E39: NaN | F39: 0.73319547 | G39: -0.0019951227 | H39: 0.73120035 | I39: 0.00012333716 | J39: 0.00049075208 | K39: 0.0028933081 | L39: NaN | M39: 520.27664 | N39: -1.4157421 | O39: 518.8609 | P39: 0.087520241 | Q39: 0.34823843 | R39: 2.0530959 | S39: NaN | T39: -1911.6158
A40: BEL | B40: 1994 | C40: 709.93517 | D40: 709.93517 | E40: NaN | F40: 0.73269303 | G40: -0.0019953536 | H40: 0.73069768 | I40: 0.000154099 | J40: 0.00061315182 | K40: 0.003596728 | L40: NaN | M40: 520.16455 | N40: -1.4165717 | O40: 518.74798 | P40: 0.1094003 | Q40: 0.43529804 | R40: 2.5534437 | S40: NaN | T40: -1913.4358
A41: BEL | B41: 1995 | C41: 710.2688 | D41: 710.2688 | E41: NaN | F41: 0.7321889 | G41: -0.0019953289 | H41: 0.73019357 | I41: 0.00018483194 | J41: 0.00073543657 | K41: 0.0042922076 | L41: NaN | M41: 520.05093 | N41: -1.4172198 | O41: 518.63371 | P41: 0.13128036 | Q41: 0.52235765 | R41: 3.0486211 | S41: NaN | T41: -1915.2319
A42: BEL | B42: 1996 | C42: 710.60243 | D42: 710.60243 | E42: NaN | F42: 0.73168309 | G42: -0.0019953158 | H42: 0.72968777 | I42: 0.00021553602 | J42: 0.0008576065 | K42: 0.004979758 | L42: NaN | M42: 519.93578 | N42: -1.4178762 | O42: 518.5179 | P42: 0.15316042 | Q42: 0.60941726 | R42: 3.5386281 | S42: NaN | T42: -1917.0034
A43: BEL | B43: 1997 | C43: 710.94319 | D43: 710.94319 | E43: NaN | F43: 0.73117706 | G43: -0.0019958553 | H43: 0.72918121 | I43: 0.00024620882 | J43: 0.00097965192 | K43: 0.0056593334 | L43: NaN | M43: 519.82536 | N43: -1.4189397 | O43: 518.40642 | P43: 0.17504048 | Q43: 0.69647687 | R43: 4.0234646 | S43: NaN | T43: -1918.7718
A44: BEL | B44: 1998 | C44: 711.28396 | D44: 711.28396 | E44: NaN | F44: 0.73066933 | G44: -0.0019973653 | H44: 0.72867197 | I44: 0.00027685222 | J44: 0.0011015804 | K44: 0.0063309886 | L44: NaN | M44: 519.71338 | N44: -1.4206939 | O44: 518.29268 | P44: 0.19692054 | Q44: 0.78353647 | R44: 4.5031306 | S44: NaN | T44: -1920.513
A45: BEL | B45: 1999 | C45: 711.62473 | D45: 711.62473 | E45: NaN | F45: 0.78950077 | G45: -0.0019970112 | H45: 0.78750376 | I45: 0.00030746627 | J45: 0.0012233921 | K45: 0.0069947348 | L45: NaN | M45: 561.82827 | N45: -1.4211225 | O45: 560.40714 | P45: 0.2188006 | Q45: 0.87059608 | R45: 4.9776262 | S45: NaN | T45: -2077.0719
A46: BEL | B46: 2000 | C46: 711.96549 | D46: 711.96549 | E46: NaN | F46: 0.79503358 | G46: -0.0019960865 | H46: 0.79303749 | I46: 0.00033805102 | J46: 0.0013450872 | K46: 0.0076505834 | L46: NaN | M46: 566.03647 | N46: -1.4211447 | O46: 564.61533 | P46: 0.24068066 | Q46: 0.95765569 | R46: 5.4469514 | S46: NaN | T46: -2094.6223
A47: BEL | B47: 2001 | C47: 712.30626 | D47: 712.30626 | E47: NaN | F47: 0.80209404 | G47: -0.0019954466 | H47: 0.8000986 | I47: 0.00036860651 | J47: 0.0014666659 | K47: 0.0082985457 | L47: NaN | M47: 571.33661 | N47: -1.4213691 | O47: 569.91524 | P47: 0.26256072 | Q47: 1.0447153 | R47: 5.9111061 | S47: NaN | T47: -2116.1566
... A137: CAN | B137: 2023 | C137: 225402.43 | D137: 225402.43 | E137: NaN | F137: 2.4642238 | G137: -2.4643941 | H137: -0.00017029513 | I137: 0.063051919 | J137: -0.11705076 | K137: 0.029599042 | L137: NaN | M137: 555442.04 | N137: -555480.43 | O137: -38.384937 | P137: 14212.056 | Q137: -26383.525 | R137: 6671.6962 | S137: NaN | T137: 20306.58
A138: CHE | B138: 1990 | C138: 1214.98 | D138: 1209.549 | E138: 5.431 | F138: 2.8876363 | G138: -2.5217383 | H138: 0.365898 | I138: 0.01856245 | J138: -0.044460592 | K138: 0.12182352 | L138: -0.078 | M138: 3508.4203 | N138: -3063.8615 | O138: 444.55876 | P138: 22.553005 | Q138: -54.01873 | R138: 147.35151 | S138: -0.423618 | T138: -2053.4101
A139: CHE | B139: 1991 | C139: 1217.245 | D139: 1211.796 | E139: 5.449 | F139: 2.8860562 | G139: -1.9588196 | H139: 0.92723659 | I139: 0.061108427 | J139: 0.18065318 | K139: 0.11921588 | L139: -0.078 | M139: 3513.0375 | N139: -2384.3634 | O139: 1128.6741 | P139: 74.383928 | Q139: 219.89918 | R139: 144.46533 | S139: -0.425022 | T139: -5745.6576
A140: CHE | B140: 1992 | C140: 1219.556 | D140: 1214.088 | E140: 5.468 | F140: 2.8845308 | G140: -1.9445646 | H140: 0.93996622 | I140: 0.016357228 | J140: -0.031551268 | K140: 0.124895 | L140: -0.078 | M140: 3517.8469 | N140: -2371.5055 | O140: 1146.3414 | P140: 19.948555 | Q140: -38.478538 | R140: 151.63352 | S140: -0.426504 | T140: -4689.7344
A141: CHE | B141: 1993 | C141: 1221.721 | D141: 1216.237 | E141: 5.484 | F141: 2.883086 | G141: -1.9082518 | H141: 0.97483412 | I141: 0.050513442 | J141: 0.14268991 | K141: 0.12441259 | L141: -0.078 | M141: 3522.3267 | N141: -2331.3513 | O141: 1190.9753 | P141: 61.713333 | Q141: 174.32726 | R141: 151.3152 | S141: -0.427752 | T141: -5785.6456
A142: CHE | B142: 1994 | C142: 1223.606 | D142: 1218.115 | E142: 5.491 | F142: 2.8814226 | G142: -1.9917938 | H142: 0.8896289 | I142: -0.017296451 | J142: -0.19673701 | K142: 0.12954388 | L142: -0.078 | M142: 3525.726 | N142: -2437.1708 | O142: 1088.5553 | P142: -21.164041 | Q142: -240.72859 | R142: 157.79934 | S142: -0.428298 | T142: -3608.1235
A143: CHE | B143: 1995 | C143: 1225.416 | D143: 1219.915 | E143: 5.501 | F143: 2.8797914 | G143: -2.0217374 | H143: 0.85805392 | I143: 0.030604929 | J143: 0.085544106 | K143: 0.12649917 | L143: -0.078 | M143: 3528.9424 | N143: -2477.4694 | O143: 1051.473 | P143: 37.503769 | Q143: 104.82712 | R143: 154.31823 | S143: -0.429078 | T143: -4941.5412
A144: CHE | B144: 1996 | C144: 1226.97 | D144: 1221.462 | E144: 5.508 | F144: 2.7804218 | G144: -2.0346716 | H144: 0.74575025 | I144: 0.19279775 | J144: 0.48853184 | K144: 0.12036262 | L144: -0.078 | M144: 3411.4942 | N144: -2496.481 | O144: 915.01318 | P144: 236.55705 | Q144: 599.41391 | R144: 147.01836 | S144: -0.429624 | T144: -6957.7672
A145: CHE | B145: 1997 | C145: 1228.513 | D145: 1222.996 | E145: 5.517 | F145: 2.7791214 | G145: -2.1667945 | H145: 0.61232693 | I145: 0.12774603 | J145: 0.1656968 | K145: 0.12409031 | L145: -0.078 | M145: 3414.1868 | N145: -2661.9352 | O145: 752.2516 | P145: 156.93766 | Q145: 203.56067 | R145: 151.76196 | S145: -0.430326 | T145: -4634.9657
A146: CHE | B146: 1998 | C146: 1229.629 | D146: 1224.104 | E146: 5.525 | F146: 2.7781474 | G146: -2.339046 | H146: 0.43910139 | I146: 0.11403867 | J146: 0.16459542 | K146: 0.1235964 | L146: -0.078 | M146: 3416.0906 | N146: -2876.1588 | O146: 539.9318 | P146: 140.22526 | Q146: 202.3913 | R146: 151.29485 | S146: -0.43095 | T146: -3789.1783
A147: CHE | B147: 1999 | C147: 1230.855 | D147: 1225.332 | E147: 5.523 | F147: 2.7770058 | G147: -2.292453 | H147: 0.4845528 | I147: 0.056296559 | J147: -0.05719551 | K147: 0.13005403 | L147: -0.078 | M147: 3418.0915 | N147: -2821.6773 | O147: 596.41424 | P147: 69.292901 | Q147: -70.399379 | R147: 159.35936 | S147: -0.430794 | T147: -2765.5332
A148: CHE | B148: 2000 | C148: 1231.88 | D148: 1226.355 | E148: 5.525 | F148: 2.7760991 | G148: -3.8348121 | H148: -1.058713 | I148: 0.071114798 | J148: 0.040296855 | K148: 0.12506727 | L148: -0.078 | M148: 3419.821 | N148: -4724.0283 | O148: -1304.2073 | P148: 87.604898 | Q148: 49.64089 | R148: 153.37687 | S148: -0.43095 | T148: 3718.0572
A149: CHE | B149: 2001 | C149: 1233.314 | D149: 1227.79 | E149: 5.524 | F149: 2.7749349 | G149: -2.5810936 | H149: 0.19384125 | I149: 0.059307894 | J149: 0.036058676 | K149: 0.12614146 | L149: -0.078 | M149: 3422.366 | N149: -3183.2989 | O149: 239.06713 | P149: 73.145256 | Q149: 44.47167 | R149: 154.87523 | S149: -0.430872 | T149: -1874.1375
... A171: CHE | B171: 2023 | C171: 1270.002 | D171: 1264.238 | E171: 5.764 | F171: 2.7416372 | G171: -2.5493867 | H171: 0.19225054 | I171: -0.0083167123 | J171: -0.21891734 | K171: 0.12019528 | L171: -0.078 | M171: 3481.8847 | N171: -3237.7262 | O171: 244.15857 | P171: -10.562241 | Q171: -278.02546 | R171: 151.95544 | S171: -0.449592 | T171: -392.61463
A172: CZE | B172: 1990 | C172: 2629.483 | D172: 2610.818 | E172: 18.665 | F172: 2.4632405 | G172: -1.7966858 | H172: 0.66655472 | I172: 0.32978311 | J172: -0.12420214 | K172: -0.0038338678 | L172: NaN | M172: 6477.0491 | N172: -4724.3548 | O172: 1752.6943 | P172: 867.15907 | Q172: -326.58742 | R172: -10.009531 | S172: NaN | T172: -8371.9402
A173: CZE | B173: 1991 | C173: 2629.295 | D173: 2610.63 | E173: 18.665 | F173: 2.4940459 | G173: -1.4623637 | H173: 1.0316822 | I173: 0.21590969 | J173: -0.099244242 | K173: -0.0099248159 | L173: NaN | M173: 6557.5825 | N173: -3844.9856 | O173: 2712.5968 | P173: 567.69026 | Q173: -260.94239 | R173: -25.910022 | S173: NaN | T173: -10975.927
A174: CZE | B174: 1992 | C174: 2629.075 | D174: 2610.41 | E174: 18.665 | F174: 2.5267513 | G174: -1.3608743 | H174: 1.165877 | I174: 0.16655264 | J174: -0.065860154 | K174: 0.0024608066 | L174: NaN | M174: 6643.0188 | N174: -3577.8406 | O174: 3065.1782 | P174: 437.8794 | Q174: -173.15128 | R174: 6.4237142 | S174: NaN | T174: -12233.21
A175: CZE | B175: 1993 | C175: 2628.6289 | D175: 2609.9639 | E175: 18.665 | F175: 2.5408113 | G175: -1.3636478 | H175: 1.1771635 | I175: 0.13537935 | J175: -0.035643436 | K175: -0.002475328 | L175: NaN | M175: 6678.85 | N175: -3584.5241 | O175: 3094.3259 | P175: 355.86206 | Q175: -93.693366 | R175: -6.4605167 | S175: NaN | T175: -12283.458
A176: CZE | B176: 1994 | C176: 2629.5015 | D176: 2610.8365 | E176: 18.665 | F176: 2.5117899 | G176: -1.5849969 | H176: 0.92679291 | I176: 0.16992341 | J176: 0.00012913675 | K176: 0.007445693 | L176: NaN | M176: 6604.7552 | N176: -4167.7518 | O176: 2437.0034 | P176: 446.81385 | Q176: 0.33956529 | R176: 19.439487 | S176: NaN | T176: -10646.52
A177: CZE | B177: 1995 | C177: 2630.1282 | D177: 2611.4632 | E177: 18.665 | F177: 2.5395936 | G177: -1.6692405 | H177: 0.87035312 | I177: 0.17271615 | J177: 0.01908895 | K177: 0.011418375 | L177: NaN | M177: 6679.4569 | N177: -4390.3166 | O177: 2289.1403 | P177: 454.26562 | Q177: 50.206386 | R177: 29.818667 | S177: NaN | T177: -10352.58
A178: CZE | B178: 1996 | C178: 2630.9928 | D178: 2612.3278 | E178: 18.665 | F178: 2.5630775 | G178: -1.6942196 | H178: 0.8688579 | I178: 0.15668927 | J178: 0.028041671 | K178: 0.0055626599 | L178: NaN | M178: 6743.4386 | N178: -4457.4797 | O178: 2285.9589 | P178: 412.24834 | Q178: 73.777434 | R178: 14.531491 | S178: NaN | T178: -10217.226
A179: CZE | B179: 1997 | C179: 2631.8035 | D179: 2613.1385 | E179: 18.665 | F179: 2.5905088 | G179: -1.8431343 | H179: 0.74737451 | I179: 0.17496582 | J179: 0.044687152 | K179: 0.011850356 | L179: NaN | M179: 6817.7103 | N179: -4850.7674 | O179: 1966.9429 | P179: 460.47566 | Q179: 117.6078 | R179: 30.966623 | S179: NaN | T179: -9445.3076
A180: CZE | B180: 1998 | C180: 2633.819 | D180: 2615.154 | E180: 18.665 | F180: 2.6519181 | G180: -1.8682184 | H180: 0.78369965 | I180: 0.1522842 | J180: 0.045053845 | K180: -0.00046270088 | L180: NaN | M180: 6984.6721 | N180: -4920.5491 | O180: 2064.123 | P180: 401.08902 | Q180: 118.66367 | R180: -1.210034 | S180: NaN | T180: -9469.7741
A181: CZE | B181: 1999 | C181: 2634.4717 | D181: 2615.8067 | E181: 18.665 | F181: 2.6577848 | G181: -1.9028276 | H181: 0.75495729 | I181: 0.13947732 | J181: 0.047868176 | K181: 0.011212633 | L181: NaN | M181: 7001.8589 | N181: -5012.9453 | O181: 1988.9136 | P181: 367.44906 | Q181: 126.10736 | R181: 29.330081 | S181: NaN | T181: -9209.9338
A182: CZE | B182: 2000 | C182: 2637.2897 | D182: 2618.6247 | E182: 18.665 | F182: 2.6865375 | G182: -1.9381952 | H182: 0.74834225 | I182: 0.13314702 | J182: 0.052888335 | K182: 0.019221406 | L182: NaN | M182: 7085.1776 | N182: -5111.5823 | O182: 1973.5953 | P182: 351.14726 | Q182: 139.48186 | R182: 50.333648 | S182: NaN | T182: -9220.0463
A183: CZE | B183: 2001 | C183: 2639.1597 | D183: 2620.4947 | E183: 18.665 | F183: 2.6883402 | G183: -1.9196976 | H183: 0.76864266 | I183: 0.10876553 | J183: 0.048644052 | K183: 0.023367674 | L183: NaN | M183: 7094.9592 | N183: -5066.3885 | O183: 2028.5707 | P183: 287.04961 | Q183: 128.37942 | R183: 61.234866 | S183: NaN | T183: -9185.8603
... A205: CZE | B205: 2023 | C205: 2681.7637 | D205: 2660.928 | E205: 20.83564 | F205: 2.6427036 | G205: -2.3331286 | H205: 0.30957507 | I205: -0.11858157 | J205: -0.025596388 | K205: 0.043161242 | L205: NaN | M205: 7087.1067 | N205: -6256.8995 | O205: 830.20718 | P205: -318.00776 | Q205: -68.643465 | R205: 114.84896 | S205: NaN | T205: -2047.4847
A206: DEU | B206: 1990 | C206: 10673.067 | D206: 10405.878 | E206: 267.189 | F206: 0.30822556 | G206: -0.027627629 | H206: 0.28059793 | I206: 0.065382133 | J206: NaN | K206: 0.39651749 | L206: -2.8908452 | M206: 3289.712 | N206: -294.87154 | O206: 2994.8405 | P206: 697.82789 | Q206: NaN | R206: 4126.1127 | S206: -772.40205 | T206: -25836.723
A207: DEU | B207: 1991 | C207: 10683.56 | D207: 10416.073 | E207: 267.487 | F207: 1.7345477 | G207: -0.027232988 | H207: 1.7073148 | I207: 0.028766405 | J207: NaN | K207: 0.39673913 | L207: -2.8944 | M207: 18531.145 | N207: -290.94526 | O207: 18240.2 | P207: 307.32762 | Q207: NaN | R207: 4132.4637 | S207: -774.21436 | T207: -80321.181
A208: DEU | B208: 1992 | C208: 10694.045 | D208: 10426.264 | E208: 267.781 | F208: 1.8467411 | G208: -0.027353505 | H208: 1.8193876 | I208: 0.025886502 | J208: NaN | K208: 0.39667693 | L208: -2.8936871 | M208: 19749.132 | N208: -292.51961 | O208: 19456.613 | P208: 276.83142 | Q208: NaN | R208: 4135.8584 | S208: -774.87442 | T208: -84679.57
A209: DEU | B209: 1993 | C209: 10704.522 | D209: 10436.448 | E209: 268.074 | F209: 1.8478324 | G209: -0.027678426 | H209: 1.820154 | I209: 0.025858782 | J209: NaN | K209: 0.39709661 | L209: -2.88335 | M209: 19780.163 | N209: -296.28432 | O209: 19483.878 | P209: 276.8059 | Q209: NaN | R209: 4144.2781 | S209: -772.95117 | T209: -84817.375
A210: DEU | B210: 1994 | C210: 10714.992 | D210: 10446.631 | E210: 268.361 | F210: 1.6388246 | G210: -0.027471552 | H210: 1.611353 | I210: 0.031224642 | J210: NaN | K210: 0.3972888 | L210: -2.8886728 | M210: 17559.992 | N210: -294.35746 | O210: 17265.635 | P210: 334.57179 | Q210: NaN | R210: 4150.3295 | S210: -775.20713 | T210: -76909.54
A211: DEU | B211: 1995 | C211: 10725.457 | D211: 10456.811 | E211: 268.646 | F211: 1.419847 | G211: -0.027717922 | H211: 1.3921291 | I211: 0.036846448 | J211: NaN | K211: 0.3972958 | L211: -2.8886202 | M211: 15228.508 | N211: -297.28738 | O211: 14931.221 | P211: 395.195 | Q211: NaN | R211: 4154.4471 | S211: -776.01627 | T211: -68584.437
A212: DEU | B212: 1996 | C212: 10735.921 | D212: 10466.991 | E212: 268.93 | F212: 1.51728 | G212: -0.027636599 | H212: 1.4896434 | I212: 0.034345482 | J212: NaN | K212: 0.39759176 | L212: -2.8950232 | M212: 16289.398 | N212: -296.70435 | O212: 15992.694 | P212: 368.73038 | Q212: NaN | R212: 4161.5894 | S212: -778.5586 | T212: -72396.334
A213: DEU | B213: 1997 | C213: 10746.379 | D213: 10477.168 | E213: 269.211 | F213: 1.4955719 | G213: -0.027627842 | H213: 1.4679441 | I213: 0.034903071 | J213: NaN | K213: 0.39785488 | L213: -2.8944646 | M213: 16071.982 | N213: -296.89926 | O213: 15775.083 | P213: 375.08163 | Q213: NaN | R213: 4168.3925 | S213: -779.22171 | T213: -71644.23
A214: DEU | B214: 1998 | C214: 10756.83 | D214: 10487.341 | E214: 269.489 | F214: 1.4078987 | G214: -0.027577059 | H214: 1.3803216 | I214: 0.037154092 | J214: NaN | K214: 0.39757984 | L214: -2.8795467 | M214: 15144.527 | N214: -296.64174 | O214: 14847.885 | P214: 399.66026 | Q214: NaN | R214: 4169.5553 | S214: -776.00617 | T214: -68350.68
A215: DEU | B215: 1999 | C215: 10767.273 | D215: 10497.51 | E215: 269.763 | F215: 1.4592641 | G215: -0.027412789 | H215: 1.4318513 | I215: 0.035835777 | J215: NaN | K215: 0.39816926 | L215: -2.8908871 | M215: 15712.295 | N215: -295.16099 | O215: 15417.134 | P215: 385.85359 | Q215: NaN | R215: 4179.7858 | S215: -779.85439 | T215: -70410.702
A216: DEU | B216: 2000 | C216: 10777.714 | D216: 10507.678 | E216: 270.036 | F216: 0.98728322 | G216: -0.027564783 | H216: 0.95971844 | I216: 0.047952611 | J216: NaN | K216: 0.39782056 | L216: -2.8899873 | M216: 10640.656 | N216: -297.08535 | O216: 10343.571 | P216: 516.81953 | Q216: NaN | R216: 4180.1704 | S216: -780.4006 | T216: -52287.254
A217: DEU | B217: 2001 | C217: 10779.374 | D217: 10508.869 | E217: 270.505 | F217: 1.4036512 | G217: -0.028800486 | H217: 1.3748507 | I217: 0.037269534 | J217: NaN | K217: 0.39828668 | L217: -2.882834 | M217: 15130.482 | N217: -310.45121 | O217: 14820.03 | P217: 401.74225 | Q217: NaN | R217: 4185.5426 | S217: -779.82102 | T217: -68300.812
... A239: DEU | B239: 2023 | C239: 10882.244 | D239: 10597.62 | E239: 284.624 | F239: 0.055814403 | G239: -0.66469133 | H239: -0.60887692 | I239: 0.16035952 | J239: NaN | K239: 0.011035182 | L239: -2.8853111 | M239: 607.38595 | N239: -7233.3332 | O239: -6625.9472 | P239: 1745.0714 | Q239: NaN | R239: 116.94666 | S239: -821.2288 | T239: 20478.912
A240: DNK | B240: 1990 | C240: 546.4406 | D240: 513.16454 | E240: 33.276052 | F240: 0.63679818 | G240: -0.055075459 | H240: 0.58172272 | I240: 0.0091169148 | J240: 0.12554604 | K240: 0.035459495 | L240: -2.0390791 | M240: 347.97238 | N240: -30.095467 | O240: 317.87691 | P240: 4.9818524 | Q240: 68.603452 | R240: 18.196555 | S240: -67.852503 | T240: -1253.2896
A241: DNK | B241: 1991 | C241: 550.7705 | D241: 517.3166 | E241: 33.453899 | F241: 0.63179196 | G241: -0.032397663 | H241: 0.5993943 | I241: 0.0090452418 | J241: 0.12455905 | K241: 0.035251534 | L241: -2.0077739 | M241: 347.97238 | N241: -17.843677 | O241: 330.1287 | P241: 4.9818524 | Q241: 68.603452 | R241: 18.236204 | S241: -67.167867 | T241: -1300.8686
A242: DNK | B242: 1992 | C242: 555.27362 | D242: 521.64188 | E242: 33.631747 | F242: 0.6266683 | G242: -0.032122403 | H242: 0.59454589 | I242: 0.0089718873 | J242: 0.12354891 | K242: 0.035035303 | L242: -1.9764568 | M242: 347.97238 | N242: -17.836723 | O242: 330.13565 | P242: 4.9818524 | Q242: 68.603452 | R242: 18.275881 | S242: -66.471695 | T242: -1303.5922
A243: DNK | B243: 1993 | C243: 559.77675 | D243: 525.96716 | E243: 33.809594 | F243: 0.62162706 | G243: -0.031851571 | H243: 0.58977549 | I243: 0.0088997129 | J243: 0.12255502 | K243: 0.034822683 | L243: -1.9451279 | M243: 347.97238 | N243: -17.829769 | O243: 330.14261 | P243: 4.9818524 | Q243: 68.603452 | R243: 18.315587 | S243: -65.763986 | T243: -1306.3582
A244: DNK | B244: 1994 | C244: 564.27987 | D244: 530.29243 | E244: 33.987441 | F244: 0.61666629 | G244: -0.03073584 | H244: 0.58593045 | I244: 0.0088286905 | J244: 0.121577 | K244: 0.034613586 | L244: -1.9137875 | M244: 347.97238 | N244: -17.343616 | O244: 330.62876 | P244: 4.9818524 | Q244: 68.603452 | R244: 18.355323 | S244: -65.04474 | T244: -1310.9237
A245: DNK | B245: 1995 | C245: 568.783 | D245: 534.3977 | E245: 34.385297 | F245: 0.60992214 | G245: -0.028630576 | H245: 0.58129156 | I245: 0.0087587927 | J245: 0.12061446 | K245: 0.034277956 | L245: -1.8812539 | M245: 346.91334 | N245: -16.284585 | O245: 330.62876 | P245: 4.9818524 | Q245: 68.603452 | R245: 18.318061 | S245: -64.687473 | T245: -1312.0971
A246: DNK | B246: 1996 | C246: 573.28613 | D246: 538.50297 | E246: 34.783152 | F246: 0.60513124 | G246: -0.028405684 | H246: 0.57672556 | I246: 0.0086899929 | J246: 0.11966704 | K246: 0.035244205 | L246: -1.8487226 | M246: 346.91334 | N246: -16.284585 | O246: 330.62876 | P246: 4.9818524 | Q246: 68.603452 | R246: 18.979109 | S246: -64.304398 | T246: -1315.9255
A247: DNK | B247: 1997 | C247: 577.78925 | D247: 542.60824 | E247: 35.181007 | F247: 0.60041502 | G247: -0.028184298 | H247: 0.57223072 | I247: 0.0086222656 | J247: 0.11873439 | K247: 0.036195909 | L247: -1.8161934 | M247: 346.91334 | N247: -16.284585 | O247: 330.62876 | P247: 4.9818524 | Q247: 68.603452 | R247: 19.640198 | S247: -63.895514 | T247: -1319.8487
A248: DNK | B248: 1998 | C248: 582.29238 | D248: 546.71351 | E248: 35.578863 | F248: 0.59577175 | G248: -0.027966337 | H248: 0.56780541 | I248: 0.0085555858 | J248: 0.11781616 | K248: 0.037133388 | L248: -1.7836664 | M248: 346.91334 | N248: -16.284585 | O248: 330.62876 | P248: 4.9818524 | Q248: 68.603452 | R248: 20.301325 | S248: -63.460822 | T248: -1323.8667
A249: DNK | B249: 1999 | C249: 586.7955 | D249: 550.81878 | E249: 35.976718 | F249: 0.59119974 | G249: -0.02775172 | H249: 0.56344802 | I249: 0.0084899294 | J249: 0.11691203 | K249: 0.038056955 | L249: -1.7511414 | M249: 346.91334 | N249: -16.284585 | O249: 330.62876 | P249: 4.9818524 | Q249: 68.603452 | R249: 20.962485 | S249: -63.000322 | T249: -1327.9795
A250: DNK | B250: 2000 | C250: 591.29863 | D250: 554.92405 | E250: 36.374573 | F250: 0.59781873 | G250: -0.027708094 | H250: 0.57011064 | I250: 0.0085751181 | J250: 0.11823707 | K250: 0.038966913 | L250: -1.7186185 | M250: 353.48939 | N250: -16.383758 | O250: 337.10564 | P250: 5.0704555 | Q250: 69.91342 | R250: 21.623677 | S250: -62.514014 | T250: -1361.0636
A251: DNK | B251: 2001 | C251: 595.80175 | D251: 559.02932 | E251: 36.772429 | F251: 0.57184926 | G251: -0.027498674 | H251: 0.54435058 | I251: 0.0038464146 | J251: 0.11014765 | K251: 0.039863558 | L251: -1.6860974 | M251: 340.70879 | N251: -16.383758 | O251: 324.32503 | P251: 2.2917006 | Q251: 65.62616 | R251: 22.284898 | S251: -62.001897 | T251: -1292.5949
... A273: DNK | B273: 2023 | C273: 666.631 | D273: 630.42441 | E273: 36.206586 | F273: 1.554929 | G273: -0.072552399 | H273: 1.4823766 | I273: 0.024112052 | J273: 0.19308135 | K273: 0.02726356 | L273: -1.4592951 | M273: 1036.5639 | N273: -48.365678 | O273: 988.19822 | P273: 16.073841 | Q273: 128.71401 | R273: 17.187614 | S273: -52.836095 | T273: -4023.5712
A274: ESP | B274: 1990 | C274: 14200.431 | D274: 14200.431 | E274: NaN | F274: 0.592761 | G274: NaN | H274: 0.592761 | I274: 0.050444736 | J274: 0.02120665 | K274: 0.046696144 | L274: NaN | M274: 8417.4616 | N274: NaN | O274: 8417.4616 | P274: 716.33699 | Q274: 301.14357 | R274: 663.10537 | S274: NaN | T274: -37026.174
A275: ESP | B275: 1991 | C275: 14326.378 | D275: 14326.378 | E275: NaN | F275: 0.592867 | G275: NaN | H275: 0.592867 | I275: 0.050091827 | J275: 0.021290144 | K275: 0.0470861 | L275: NaN | M275: 8493.6367 | N275: NaN | O275: 8493.6367 | P275: 717.63445 | Q275: 305.01065 | R275: 674.57327 | S275: NaN | T275: -37366.469
A276: ESP | B276: 1992 | C276: 14452.325 | D276: 14452.325 | E276: NaN | F276: 0.59297115 | G276: NaN | H276: 0.59297115 | I276: 0.049745069 | J276: 0.021372183 | K276: 0.04746926 | L276: NaN | M276: 8569.8119 | N276: NaN | O276: 8569.8119 | P276: 718.93191 | Q276: 308.87773 | R276: 686.04118 | S276: NaN | T276: -37706.763
A277: ESP | B277: 1993 | C277: 14578.272 | D277: 14578.272 | E277: NaN | F277: 0.59307351 | G277: NaN | H277: 0.59307351 | I277: 0.049404303 | J277: 0.021452804 | K277: 0.047845799 | L277: NaN | M277: 8645.987 | N277: NaN | O277: 8645.987 | P277: 720.22938 | Q277: 312.74481 | R277: 697.50908 | S277: NaN | T277: -38047.058
A278: ESP | B278: 1994 | C278: 14704.219 | D278: 14704.219 | E278: NaN | F278: 0.5931741 | G278: NaN | H278: 0.5931741 | I278: 0.049069374 | J278: 0.021532043 | K278: 0.048215887 | L278: NaN | M278: 8722.1621 | N278: NaN | O278: 8722.1621 | P278: 721.52684 | Q278: 316.61189 | R278: 708.97698 | S278: NaN | T278: -38387.352
A279: ESP | B279: 1995 | C279: 14830.166 | D279: 14830.166 | E279: NaN | F279: 0.593273 | G279: NaN | H279: 0.593273 | I279: 0.048740134 | J279: 0.021609937 | K279: 0.04857969 | L279: NaN | M279: 8798.3373 | N279: NaN | O279: 8798.3373 | P279: 722.8243 | Q279: 320.47897 | R279: 720.44488 | S279: NaN | T279: -38727.647
A280: ESP | B280: 1996 | C280: 14956.114 | D280: 14956.114 | E280: NaN | F280: 0.59337022 | G280: NaN | H280: 0.59337022 | I280: 0.048416439 | J280: 0.02168652 | K280: 0.048937365 | L280: NaN | M280: 8874.5124 | N280: NaN | O280: 8874.5124 | P280: 724.12177 | Q280: 324.34605 | R280: 731.91279 | S280: NaN | T280: -39067.941
A281: ESP | B281: 1997 | C281: 15082.061 | D281: 15082.061 | E281: NaN | F281: 0.59346582 | G281: NaN | H281: 0.59346582 | I281: 0.048098151 | J281: 0.021761823 | K281: 0.049289066 | L281: NaN | M281: 8950.6875 | N281: NaN | O281: 8950.6875 | P281: 725.41923 | Q281: 328.21313 | R281: 743.38069 | S281: NaN | T281: -39408.236
A282: ESP | B282: 1998 | C282: 15208.008 | D282: 15208.008 | E282: NaN | F282: 0.6108001 | G282: NaN | H282: 0.6108001 | I282: 0.044724916 | J282: 0.021835878 | K282: 0.049634943 | L282: NaN | M282: 9289.0527 | N282: NaN | O282: 9289.0527 | P282: 680.17687 | Q282: 332.08021 | R282: 754.84859 | S282: NaN | T282: -40539.247
A283: ESP | B283: 1999 | C283: 15333.955 | D283: 15333.955 | E283: NaN | F283: 0.63316669 | G283: NaN | H283: 0.63316669 | I283: 0.032837803 | J283: 0.021908718 | K283: 0.049975137 | L283: NaN | M283: 9708.9494 | N283: NaN | O283: 9708.9494 | P283: 503.5334 | Q283: 335.94729 | R283: 766.3165 | S283: NaN | T283: -41487.404
A284: ESP | B284: 2000 | C284: 15459.902 | D284: 15459.902 | E284: NaN | F284: 0.66241779 | G284: NaN | H284: 0.66241779 | I284: 0.028731015 | J284: 0.02198037 | K284: 0.050309788 | L284: NaN | M284: 10240.914 | N284: NaN | O284: 10240.914 | P284: 444.17868 | Q284: 339.81437 | R284: 777.7844 | S284: NaN | T284: -43276.536
A285: ESP | B285: 2001 | C285: 15617.65 | D285: 15617.65 | E285: NaN | F285: 0.67085823 | G285: NaN | H285: 0.67085823 | I285: 0.026765004 | J285: 0.022253739 | K285: 0.051002793 | L285: NaN | M285: 10477.229 | N285: NaN | O285: 10477.229 | P285: 418.00647 | Q285: 347.55111 | R285: 796.54379 | S285: NaN | T285: -44144.212
... A307: ESP | B307: 2023 | C307: 18120.012 | D307: 18120.012 | E307: NaN | F307: 0.61904647 | G307: NaN | H307: 0.61904647 | I307: 0.001008309 | J307: 0.016984719 | K307: 0.050468029 | L307: NaN | M307: 11217.129 | N307: NaN | O307: 11217.129 | P307: 18.27057 | Q307: 307.76331 | R307: 914.48129 | S307: NaN | T307: -45678.03
A308: EST | B308: 1990 | C308: 2368.686 | D308: 1775.239 | E308: 593.447 | F308: 0.64345219 | G308: -0.081362895 | H308: 0.56208929 | I308: 0.039057434 | J308: 0.00018681244 | K308: 0.21910874 | L308: -0.32803219 | M308: 1524.1362 | N308: -192.72315 | O308: 1331.413 | P308: 92.514798 | Q308: 0.4425 | R308: 388.97037 | S308: -194.66972 | T308: -5935.127
A309: EST | B309: 1991 | C309: 2371.512 | D309: 1777.9 | E309: 593.612 | F309: 0.66389399 | G309: -0.1024745 | H309: 0.56141948 | I309: 0.039023993 | J309: 0.00048892858 | K309: 0.218873 | L309: -0.32810482 | M309: 1574.4326 | N309: -243.01952 | O309: 1331.413 | P309: 92.545867 | Q309: 1.1595 | R309: 389.1343 | S309: -194.76696 | T309: -5938.1144
A310: EST | B310: 1992 | C310: 2375.407 | D310: 1781.497 | E310: 593.91 | F310: 0.68950505 | G310: -0.12900614 | H310: 0.56049891 | I310: 0.038977261 | J310: 0.00091110702 | K310: 0.21855805 | L310: -0.3281772 | M310: 1637.8551 | N310: -306.44209 | O310: 1331.413 | P310: 92.586858 | Q310: 2.16425 | R310: 389.36052 | S310: -194.90772 | T310: -5942.2621
A311: EST | B311: 1993 | C311: 2380.391 | D311: 1786.141 | E311: 594.25 | F311: 0.72165857 | G311: -0.16233321 | H311: 0.55932535 | I311: 0.038917136 | J311: 0.0014542779 | K311: 0.21817726 | L311: -0.32837849 | M311: 1717.8296 | N311: -386.41652 | O311: 1331.413 | P311: 92.638 | Q311: 3.46175 | R311: 389.69534 | S311: -195.13892 | T311: -5947.5871
A312: EST | B312: 1994 | C312: 2385.376 | D312: 1790.67 | E312: 594.706 | F312: 0.76242718 | G312: -0.20427071 | H312: 0.55815647 | I312: 0.02363625 | J312: 0.0020048202 | K312: 0.21783349 | L312: -0.32865268 | M312: 1818.6755 | N312: -487.26246 | O312: 1331.413 | P312: 56.381344 | Q312: 4.78225 | R312: 390.0679 | S312: -195.45172 | T312: -5819.707
A313: EST | B313: 1995 | C313: 2390.755 | D313: 1795.611 | E313: 595.144 | F313: 0.81390186 | G313: -0.2570012 | H313: 0.55690066 | I313: 0.02360656 | J313: 0.0026068125 | K313: 0.21744424 | L313: -0.32893182 | M313: 1945.8399 | N313: -614.4269 | O313: 1331.413 | P313: 56.4375 | Q313: 6.23225 | R313: 390.44526 | S313: -195.7618 | T313: -5825.4763
A314: EST | B314: 1996 | C314: 2396.528 | D314: 1800.973 | E314: 595.555 | F314: 0.87885116 | G314: -0.32329202 | H314: 0.55555914 | I314: 0.023574574 | J314: 0.0032553344 | K314: 0.2170409 | L314: -0.32924717 | M314: 2106.1914 | N314: -774.77837 | O314: 1331.413 | P314: 56.497128 | Q314: 7.8015 | R314: 390.8848 | S314: -196.0848 | T314: -5831.8761
A315: EST | B315: 1997 | C315: 2402.538 | D315: 1806.541 | E315: 595.997 | F315: 0.96081351 | G315: -0.40664411 | H315: 0.5541694 | I315: 0.023541556 | J315: 0.0039248078 | K315: 0.21664768 | L315: -0.32951985 | M315: 2308.391 | N315: -976.97793 | O315: 1331.413 | P315: 56.559482 | Q315: 9.4295 | R315: 391.38291 | S315: -196.39284 | T315: -5838.771
...

Sheet Total HWP Domestic gains
A1: country | B1: year | C1: HWP in use from domestic harvest (kt C)
A2: CAN | B2: 1990 | C2: 26863.431
A3: CAN | B3: 1991 | C3: 26256.508
A4: CAN | B4: 1992 | C4: 27722.67
A5: CAN | B5: 1993 | C5: 27691.588
A6: CAN | B6: 1994 | C6: 27977.829
A7: CAN | B7: 1995 | C7: 28402.352
A8: CAN | B8: 1996 | C8: 27614.349
A9: CAN | B9: 1997 | C9: 27714.494
A10: CAN | B10: 1998 | C10: 23726.22
A11: CAN | B11: 1999 | C11: 26872.519
A12: CAN | B12: 2000 | C12: 27436.725
A13: CAN | B13: 2001 | C13: 23519.042
... A35: CAN | B35: 2023 | C35: 21043.269
A36: CHE | B36: 1990 | C36: NaN
A37: CHE | B37: 1991 | C37: NaN
A38: CHE | B38: 1992 | C38: NaN
A39: CHE | B39: 1993 | C39: NaN
A40: CHE | B40: 1994 | C40: NaN
A41: CHE | B41: 1995 | C41: NaN
A42: CHE | B42: 1996 | C42: NaN
A43: CHE | B43: 1997 | C43: NaN
A44: CHE | B44: 1998 | C44: NaN
A45: CHE | B45: 1999 | C45: NaN
A46: CHE | B46: 2000 | C46: NaN
A47: CHE | B47: 2001 | C47: NaN
... A69: CHE | B69: 2023 | C69: NaN
A70: GBR | B70: 1990 | C70: 1012.4587
A71: GBR | B71: 1991 | C71: 995.10054
A72: GBR | B72: 1992 | C72: 1023.2666
A73: GBR | B73: 1993 | C73: 1048.7654
A74: GBR | B74: 1994 | C74: 1123.1352
A75: GBR | B75: 1995 | C75: 1158.0505
A76: GBR | B76: 1996 | C76: 1163.1196
A77: GBR | B77: 1997 | C77: 1217.3598
A78: GBR | B78: 1998 | C78: 1212.0953
A79: GBR | B79: 1999 | C79: 1279.43
A80: GBR | B80: 2000 | C80: 1352.9124
A81: GBR | B81: 2001 | C81: 1329.2067
... A103: GBR | B103: 2023 | C103: 1483.785
A104: ISL | B104: 1990 | C104: NaN
A105: ISL | B105: 1991 | C105: NaN
A106: ISL | B106: 1992 | C106: NaN
A107: ISL | B107: 1993 | C107: NaN
A108: ISL | B108: 1994 | C108: NaN
A109: ISL | B109: 1995 | C109: NaN
A110: ISL | B110: 1996 | C110: NaN
A111: ISL | B111: 1997 | C111: NaN
A112: ISL | B112: 1998 | C112: NaN
A113: ISL | B113: 1999 | C113: NaN
A114: ISL | B114: 2000 | C114: NaN
A115: ISL | B115: 2001 | C115: NaN
... A137: ISL | B137: 2023 | C137: NaN
A138: JPN | B138: 1990 | C138: 4893.7003
A139: JPN | B139: 1991 | C139: 4686.4785
A140: JPN | B140: 1992 | C140: 4560.0708
A141: JPN | B141: 1993 | C141: 4458.0159
A142: JPN | B142: 1994 | C142: 4344.8405
A143: JPN | B143: 1995 | C143: 4147.3858
A144: JPN | B144: 1996 | C144: 4285.6102
A145: JPN | B145: 1997 | C145: 3968.4472
A146: JPN | B146: 1998 | C146: 3716.6406
A147: JPN | B147: 1999 | C147: 3615.7287
A148: JPN | B148: 2000 | C148: 3552.0478
A149: JPN | B149: 2001 | C149: 3392.8007
... A171: JPN | B171: 2023 | C171: 3351.9621
A172: LIE | B172: 1990 | C172: NaN
A173: LIE | B173: 1991 | C173: NaN
A174: LIE | B174: 1992 | C174: NaN
A175: LIE | B175: 1993 | C175: NaN
A176: LIE | B176: 1994 | C176: NaN
A177: LIE | B177: 1995 | C177: NaN
A178: LIE | B178: 1996 | C178: NaN
A179: LIE | B179: 1997 | C179: NaN
A180: LIE | B180: 1998 | C180: NaN
A181: LIE | B181: 1999 | C181: NaN
A182: LIE | B182: 2000 | C182: NaN
A183: LIE | B183: 2001 | C183: NaN
... A239: MCO | B239: 2023 | C239: NaN
A240: NOR | B240: 1990 | C240: 670.82
A241: NOR | B241: 1991 | C241: 605.55
A242: NOR | B242: 1992 | C242: 586.25
A243: NOR | B243: 1993 | C243: 543.69
A244: NOR | B244: 1994 | C244: 620.6
A245: NOR | B245: 1995 | C245: 548.46
A246: NOR | B246: 1996 | C246: 577.38
A247: NOR | B247: 1997 | C247: 563.76
A248: NOR | B248: 1998 | C248: 604.95
A249: NOR | B249: 1999 | C249: 512.6
A250: NOR | B250: 2000 | C250: 547.05
A251: NOR | B251: 2001 | C251: 516.18
... A273: NOR | B273: 2023 | C273: 511.17
A274: RUS | B274: 1990 | C274: NaN
A275: RUS | B275: 1991 | C275: NaN
A276: RUS | B276: 1992 | C276: NaN
A277: RUS | B277: 1993 | C277: NaN
A278: RUS | B278: 1994 | C278: NaN
A279: RUS | B279: 1995 | C279: NaN
A280: RUS | B280: 1996 | C280: NaN
A281: RUS | B281: 1997 | C281: NaN
...
